<Ui xmlns="http://www.blizzard.com/wow/ui/"
xmlns:xsi="http://www.w3.org/2001/XMLSchema-instance"
xsi:schemaLocation="http://www.blizzard.com/wow/ui/ ..\FrameXML\UI.xsd">
<!--
	Version: 3.9.0.1030 (Kangaroo)
	Revision: $Id: Tooltip.xml 845 2006-05-01 18:27:01Z mentalpower $

	License:
		This program is free software; you can redistribute it and/or
		modify it under the terms of the GNU General Public License
		as published by the Free Software Foundation; either version 2
		of the License, or (at your option) any later version.

		This program is distributed in the hope that it will be useful,
		but WITHOUT ANY WARRANTY; without even the implied warranty of
		MERCHANTABILITY or FITNESS FOR A PARTICULAR PURPOSE.  See the
		GNU General Public License for more details.

		You should have received a copy of the GNU General Public License
		along with this program(see GLP.txt); if not, write to the Free Software
		Foundation, Inc., 51 Franklin Street, Fifth Floor, Boston, MA  02110-1301, USA.
-->
	<Script file="Tooltip.lua"/>

	<Frame name="EnhancedTooltipTemplate" frameStrata="TOOLTIP" hidden="true" virtual="true">
		<Backdrop name="$parentBackdrop" bgFile="Interface\Tooltips\UI-Tooltip-Background" edgeFile="Interface\Tooltips\UI-Tooltip-Border" tile="true">
			<EdgeSize>
				<AbsValue val="16"/>
			</EdgeSize>
			<TileSize>
				<AbsValue val="16"/>
			</TileSize>
			<BackgroundInsets>
				<AbsInset left="5" right="5" top="5" bottom="5"/>
			</BackgroundInsets>
		</Backdrop>
		<Layers>
			<Layer level="INFO">
				<Texture name="$parentIcon" file="Interface\Buttons\UI-Quickslot2" hidden="true">
					<Size>
					  <AbsDimension x="32" y="32"/>
					</Size>
					<Anchors>
						<Anchor point="TOPRIGHT">
							<Offset>
								<AbsDimension x="-7" y="-7"/>
							</Offset>
						</Anchor>
					</Anchors>
				</Texture>

				<FontString name="$parentText1" inherits="GameFontNormal" hidden="true">
					<Anchors>
						<Anchor point="TOPLEFT">
							<Offset>
								<AbsDimension x="10" y="-10"/>
							</Offset>
						</Anchor>
					</Anchors>
				</FontString>
				<FontString name="$parentText2" inherits="GameFontNormalSmall" hidden="true">
					<Anchors>
						<Anchor point="TOPLEFT" relativeTo="$parentText1" relativePoint="BOTTOMLEFT">
							<Offset>
								<AbsDimension x="0" y="-1"/>
							</Offset>
						</Anchor>
					</Anchors>
				</FontString>
				<FontString name="$parentText3" inherits="GameFontNormalSmall" hidden="true">
					<Anchors>
						<Anchor point="TOPLEFT" relativeTo="$parentText2" relativePoint="BOTTOMLEFT">
							<Offset>
								<AbsDimension x="0" y="-1"/>
							</Offset>
						</Anchor>
					</Anchors>
				</FontString>
				<FontString name="$parentText4" inherits="GameFontNormalSmall" hidden="true">
					<Anchors>
						<Anchor point="TOPLEFT" relativeTo="$parentText3" relativePoint="BOTTOMLEFT">
							<Offset>
								<AbsDimension x="0" y="-1"/>
							</Offset>
						</Anchor>
					</Anchors>
				</FontString>
				<FontString name="$parentText5" inherits="GameFontNormalSmall" hidden="true">
					<Anchors>
						<Anchor point="TOPLEFT" relativeTo="$parentText4" relativePoint="BOTTOMLEFT">
							<Offset>
								<AbsDimension x="0" y="-1"/>
							</Offset>
						</Anchor>
					</Anchors>
				</FontString>
				<FontString name="$parentText6" inherits="GameFontNormalSmall" hidden="true">
					<Anchors>
						<Anchor point="TOPLEFT" relativeTo="$parentText5" relativePoint="BOTTOMLEFT">
							<Offset>
								<AbsDimension x="0" y="-1"/>
							</Offset>
						</Anchor>
					</Anchors>
				</FontString>
				<FontString name="$parentText7" inherits="GameFontNormalSmall" hidden="true">
					<Anchors>
						<Anchor point="TOPLEFT" relativeTo="$parentText6" relativePoint="BOTTOMLEFT">
							<Offset>
								<AbsDimension x="0" y="-1"/>
							</Offset>
						</Anchor>
					</Anchors>
				</FontString>
				<FontString name="$parentText8" inherits="GameFontNormalSmall" hidden="true">
					<Anchors>
						<Anchor point="TOPLEFT" relativeTo="$parentText7" relativePoint="BOTTOMLEFT">
							<Offset>
								<AbsDimension x="0" y="-1"/>
							</Offset>
						</Anchor>
					</Anchors>
				</FontString>
				<FontString name="$parentText9" inherits="GameFontNormalSmall" hidden="true">
					<Anchors>
						<Anchor point="TOPLEFT" relativeTo="$parentText8" relativePoint="BOTTOMLEFT">
							<Offset>
								<AbsDimension x="0" y="-1"/>
							</Offset>
						</Anchor>
					</Anchors>
				</FontString>
				<FontString name="$parentText10" inherits="GameFontNormalSmall" hidden="true">
					<Anchors>
						<Anchor point="TOPLEFT" relativeTo="$parentText9" relativePoint="BOTTOMLEFT">
							<Offset>
								<AbsDimension x="0" y="-1"/>
							</Offset>
						</Anchor>
					</Anchors>
				</FontString>
				<FontString name="$parentText11" inherits="GameFontNormalSmall" hidden="true">
					<Anchors>
						<Anchor point="TOPLEFT" relativeTo="$parentText10" relativePoint="BOTTOMLEFT">
							<Offset>
								<AbsDimension x="0" y="-1"/>
							</Offset>
						</Anchor>
					</Anchors>
				</FontString>
				<FontString name="$parentText12" inherits="GameFontNormalSmall" hidden="true">
					<Anchors>
						<Anchor point="TOPLEFT" relativeTo="$parentText11" relativePoint="BOTTOMLEFT">
							<Offset>
								<AbsDimension x="0" y="-1"/>
							</Offset>
						</Anchor>
					</Anchors>
				</FontString>
				<FontString name="$parentText13" inherits="GameFontNormalSmall" hidden="true">
					<Anchors>
						<Anchor point="TOPLEFT" relativeTo="$parentText12" relativePoint="BOTTOMLEFT">
							<Offset>
								<AbsDimension x="0" y="-1"/>
							</Offset>
						</Anchor>
					</Anchors>
				</FontString>
				<FontString name="$parentText14" inherits="GameFontNormalSmall" hidden="true">
					<Anchors>
						<Anchor point="TOPLEFT" relativeTo="$parentText13" relativePoint="BOTTOMLEFT">
							<Offset>
								<AbsDimension x="0" y="-1"/>
							</Offset>
						</Anchor>
					</Anchors>
				</FontString>
				<FontString name="$parentText15" inherits="GameFontNormalSmall" hidden="true">
					<Anchors>
						<Anchor point="TOPLEFT" relativeTo="$parentText14" relativePoint="BOTTOMLEFT">
							<Offset>
								<AbsDimension x="0" y="-1"/>
							</Offset>
						</Anchor>
					</Anchors>
				</FontString>
				<FontString name="$parentText16" inherits="GameFontNormalSmall" hidden="true">
					<Anchors>
						<Anchor point="TOPLEFT" relativeTo="$parentText15" relativePoint="BOTTOMLEFT">
							<Offset>
								<AbsDimension x="0" y="-1"/>
							</Offset>
						</Anchor>
					</Anchors>
				</FontString>
				<FontString name="$parentText17" inherits="GameFontNormalSmall" hidden="true">
					<Anchors>
						<Anchor point="TOPLEFT" relativeTo="$parentText16" relativePoint="BOTTOMLEFT">
							<Offset>
								<AbsDimension x="0" y="-1"/>
							</Offset>
						</Anchor>
					</Anchors>
				</FontString>
				<FontString name="$parentText18" inherits="GameFontNormalSmall" hidden="true">
					<Anchors>
						<Anchor point="TOPLEFT" relativeTo="$parentText17" relativePoint="BOTTOMLEFT">
							<Offset>
								<AbsDimension x="0" y="-1"/>
							</Offset>
						</Anchor>
					</Anchors>
				</FontString>
				<FontString name="$parentText19" inherits="GameFontNormalSmall" hidden="true">
					<Anchors>
						<Anchor point="TOPLEFT" relativeTo="$parentText18" relativePoint="BOTTOMLEFT">
							<Offset>
								<AbsDimension x="0" y="-1"/>
							</Offset>
						</Anchor>
					</Anchors>
				</FontString>
				<FontString name="$parentText20" inherits="GameFontNormalSmall" hidden="true">
					<Anchors>
						<Anchor point="TOPLEFT" relativeTo="$parentText19" relativePoint="BOTTOMLEFT">
							<Offset>
								<AbsDimension x="0" y="-1"/>
							</Offset>
						</Anchor>
					</Anchors>
				</FontString>
				<FontString name="$parentText21" inherits="GameFontNormalSmall" hidden="true">
					<Anchors>
						<Anchor point="TOPLEFT" relativeTo="$parentText20" relativePoint="BOTTOMLEFT">
							<Offset>
								<AbsDimension x="0" y="-1"/>
							</Offset>
						</Anchor>
					</Anchors>
				</FontString>
				<FontString name="$parentText22" inherits="GameFontNormalSmall" hidden="true">
					<Anchors>
						<Anchor point="TOPLEFT" relativeTo="$parentText21" relativePoint="BOTTOMLEFT">
							<Offset>
								<AbsDimension x="0" y="-1"/>
							</Offset>
						</Anchor>
					</Anchors>
				</FontString>
				<FontString name="$parentText23" inherits="GameFontNormalSmall" hidden="true">
					<Anchors>
						<Anchor point="TOPLEFT" relativeTo="$parentText22" relativePoint="BOTTOMLEFT">
							<Offset>
								<AbsDimension x="0" y="-1"/>
							</Offset>
						</Anchor>
					</Anchors>
				</FontString>
				<FontString name="$parentText24" inherits="GameFontNormalSmall" hidden="true">
					<Anchors>
						<Anchor point="TOPLEFT" relativeTo="$parentText23" relativePoint="BOTTOMLEFT">
							<Offset>
								<AbsDimension x="0" y="-1"/>
							</Offset>
						</Anchor>
					</Anchors>
				</FontString>
				<FontString name="$parentText25" inherits="GameFontNormalSmall" hidden="true">
					<Anchors>
						<Anchor point="TOPLEFT" relativeTo="$parentText24" relativePoint="BOTTOMLEFT">
							<Offset>
								<AbsDimension x="0" y="-1"/>
							</Offset>
						</Anchor>
					</Anchors>
				</FontString>
				<FontString name="$parentText26" inherits="GameFontNormalSmall" hidden="true">
					<Anchors>
						<Anchor point="TOPLEFT" relativeTo="$parentText25" relativePoint="BOTTOMLEFT">
							<Offset>
								<AbsDimension x="0" y="-1"/>
							</Offset>
						</Anchor>
					</Anchors>
				</FontString>
				<FontString name="$parentText27" inherits="GameFontNormalSmall" hidden="true">
					<Anchors>
						<Anchor point="TOPLEFT" relativeTo="$parentText26" relativePoint="BOTTOMLEFT">
							<Offset>
								<AbsDimension x="0" y="-1"/>
							</Offset>
						</Anchor>
					</Anchors>
				</FontString>
				<FontString name="$parentText28" inherits="GameFontNormalSmall" hidden="true">
					<Anchors>
						<Anchor point="TOPLEFT" relativeTo="$parentText27" relativePoint="BOTTOMLEFT">
							<Offset>
								<AbsDimension x="0" y="-1"/>
							</Offset>
						</Anchor>
					</Anchors>
				</FontString>
				<FontString name="$parentText29" inherits="GameFontNormalSmall" hidden="true">
					<Anchors>
						<Anchor point="TOPLEFT" relativeTo="$parentText28" relativePoint="BOTTOMLEFT">
							<Offset>
								<AbsDimension x="0" y="-1"/>
							</Offset>
						</Anchor>
					</Anchors>
				</FontString>
				<FontString name="$parentText30" inherits="GameFontNormalSmall" hidden="true">
					<Anchors>
						<Anchor point="TOPLEFT" relativeTo="$parentText29" relativePoint="BOTTOMLEFT">
							<Offset>
								<AbsDimension x="0" y="-1"/>
							</Offset>
						</Anchor>
					</Anchors>
				</FontString>
				<FontString name="$parentText31" inherits="GameFontNormalSmall" hidden="true">
					<Anchors>
						<Anchor point="TOPLEFT" relativeTo="$parentText30" relativePoint="BOTTOMLEFT">
							<Offset>
								<AbsDimension x="0" y="-1"/>
							</Offset>
						</Anchor>
					</Anchors>
				</FontString>
				<FontString name="$parentText32" inherits="GameFontNormalSmall" hidden="true">
					<Anchors>
						<Anchor point="TOPLEFT" relativeTo="$parentText31" relativePoint="BOTTOMLEFT">
							<Offset>
								<AbsDimension x="0" y="-1"/>
							</Offset>
						</Anchor>
					</Anchors>
				</FontString>
				<FontString name="$parentText33" inherits="GameFontNormalSmall" hidden="true">
					<Anchors>
						<Anchor point="TOPLEFT" relativeTo="$parentText32" relativePoint="BOTTOMLEFT">
							<Offset>
								<AbsDimension x="0" y="-1"/>
							</Offset>
						</Anchor>
					</Anchors>
				</FontString>
				<FontString name="$parentText34" inherits="GameFontNormalSmall" hidden="true">
					<Anchors>
						<Anchor point="TOPLEFT" relativeTo="$parentText33" relativePoint="BOTTOMLEFT">
							<Offset>
								<AbsDimension x="0" y="-1"/>
							</Offset>
						</Anchor>
					</Anchors>
				</FontString>
				<FontString name="$parentText35" inherits="GameFontNormalSmall" hidden="true">
					<Anchors>
						<Anchor point="TOPLEFT" relativeTo="$parentText34" relativePoint="BOTTOMLEFT">
							<Offset>
								<AbsDimension x="0" y="-1"/>
							</Offset>
						</Anchor>
					</Anchors>
				</FontString>
				<FontString name="$parentText36" inherits="GameFontNormalSmall" hidden="true">
					<Anchors>
						<Anchor point="TOPLEFT" relativeTo="$parentText35" relativePoint="BOTTOMLEFT">
							<Offset>
								<AbsDimension x="0" y="-1"/>
							</Offset>
						</Anchor>
					</Anchors>
				</FontString>
				<FontString name="$parentText37" inherits="GameFontNormalSmall" hidden="true">
					<Anchors>
						<Anchor point="TOPLEFT" relativeTo="$parentText36" relativePoint="BOTTOMLEFT">
							<Offset>
								<AbsDimension x="0" y="-1"/>
							</Offset>
						</Anchor>
					</Anchors>
				</FontString>
				<FontString name="$parentText38" inherits="GameFontNormalSmall" hidden="true">
					<Anchors>
						<Anchor point="TOPLEFT" relativeTo="$parentText37" relativePoint="BOTTOMLEFT">
							<Offset>
								<AbsDimension x="0" y="-1"/>
							</Offset>
						</Anchor>
					</Anchors>
				</FontString>
				<FontString name="$parentText39" inherits="GameFontNormalSmall" hidden="true">
					<Anchors>
						<Anchor point="TOPLEFT" relativeTo="$parentText38" relativePoint="BOTTOMLEFT">
							<Offset>
								<AbsDimension x="0" y="-1"/>
							</Offset>
						</Anchor>
					</Anchors>
				</FontString>
				<FontString name="$parentText40" inherits="GameFontNormalSmall" hidden="true">
					<Anchors>
						<Anchor point="TOPLEFT" relativeTo="$parentText39" relativePoint="BOTTOMLEFT">
							<Offset>
								<AbsDimension x="0" y="-1"/>
							</Offset>
						</Anchor>
					</Anchors>
				</FontString>
			</Layer>
		</Layers>
		<Frames>
			<Frame name="$parentMoney1" inherits="TinyMoneyFrameTemplate" hidden="true">
				<Anchors>
					<Anchor point="LEFT" relativeTo="$parentText1" relativePoint="LEFT"/>
				</Anchors>
				<Scripts>
					<OnLoad>
						SmallMoneyFrame_OnLoad();
						MoneyFrame_SetType("STATIC");
					</OnLoad>
				</Scripts>
			</Frame>
			<Frame name="$parentMoney2" inherits="TinyMoneyFrameTemplate" hidden="true">
				<Anchors>
					<Anchor point="LEFT" relativeTo="$parentText1" relativePoint="LEFT"/>
				</Anchors>
				<Scripts>
					<OnLoad>
						SmallMoneyFrame_OnLoad();
						MoneyFrame_SetType("STATIC");
					</OnLoad>
				</Scripts>
			</Frame>
			<Frame name="$parentMoney3" inherits="TinyMoneyFrameTemplate" hidden="true">
				<Anchors>
					<Anchor point="LEFT" relativeTo="$parentText1" relativePoint="LEFT"/>
				</Anchors>
				<Scripts>
					<OnLoad>
						SmallMoneyFrame_OnLoad();
						MoneyFrame_SetType("STATIC");
					</OnLoad>
				</Scripts>
			</Frame>
			<Frame name="$parentMoney4" inherits="TinyMoneyFrameTemplate" hidden="true">
				<Anchors>
					<Anchor point="LEFT" relativeTo="$parentText1" relativePoint="LEFT"/>
				</Anchors>
				<Scripts>
					<OnLoad>
						SmallMoneyFrame_OnLoad();
						MoneyFrame_SetType("STATIC");
					</OnLoad>
				</Scripts>
			</Frame>
			<Frame name="$parentMoney5" inherits="TinyMoneyFrameTemplate" hidden="true">
				<Anchors>
					<Anchor point="LEFT" relativeTo="$parentText1" relativePoint="LEFT"/>
				</Anchors>
				<Scripts>
					<OnLoad>
						SmallMoneyFrame_OnLoad();
						MoneyFrame_SetType("STATIC");
					</OnLoad>
				</Scripts>
			</Frame>
			<Frame name="$parentMoney6" inherits="TinyMoneyFrameTemplate" hidden="true">
				<Anchors>
					<Anchor point="LEFT" relativeTo="$parentText1" relativePoint="LEFT"/>
				</Anchors>
				<Scripts>
					<OnLoad>
						SmallMoneyFrame_OnLoad();
						MoneyFrame_SetType("STATIC");
					</OnLoad>
				</Scripts>
			</Frame>
			<Frame name="$parentMoney7" inherits="TinyMoneyFrameTemplate" hidden="true">
				<Anchors>
					<Anchor point="LEFT" relativeTo="$parentText1" relativePoint="LEFT"/>
				</Anchors>
				<Scripts>
					<OnLoad>
						SmallMoneyFrame_OnLoad();
						MoneyFrame_SetType("STATIC");
					</OnLoad>
				</Scripts>
			</Frame>
			<Frame name="$parentMoney8" inherits="TinyMoneyFrameTemplate" hidden="true">
				<Anchors>
					<Anchor point="LEFT" relativeTo="$parentText1" relativePoint="LEFT"/>
				</Anchors>
				<Scripts>
					<OnLoad>
						SmallMoneyFrame_OnLoad();
						MoneyFrame_SetType("STATIC");
					</OnLoad>
				</Scripts>
			</Frame>
			<Frame name="$parentMoney9" inherits="TinyMoneyFrameTemplate" hidden="true">
				<Anchors>
					<Anchor point="LEFT" relativeTo="$parentText1" relativePoint="LEFT"/>
				</Anchors>
				<Scripts>
					<OnLoad>
						SmallMoneyFrame_OnLoad();
						MoneyFrame_SetType("STATIC");
					</OnLoad>
				</Scripts>
			</Frame>
			<Frame name="$parentMoney10" inherits="TinyMoneyFrameTemplate" hidden="true">
				<Anchors>
					<Anchor point="LEFT" relativeTo="$parentText1" relativePoint="LEFT"/>
				</Anchors>
				<Scripts>
					<OnLoad>
						SmallMoneyFrame_OnLoad();
						MoneyFrame_SetType("STATIC");
					</OnLoad>
				</Scripts>
			</Frame>
			<Frame name="$parentMoney11" inherits="TinyMoneyFrameTemplate" hidden="true">
				<Anchors>
					<Anchor point="LEFT" relativeTo="$parentText1" relativePoint="LEFT"/>
				</Anchors>
				<Scripts>
					<OnLoad>
						SmallMoneyFrame_OnLoad();
						MoneyFrame_SetType("STATIC");
					</OnLoad>
				</Scripts>
			</Frame>
			<Frame name="$parentMoney12" inherits="TinyMoneyFrameTemplate" hidden="true">
				<Anchors>
					<Anchor point="LEFT" relativeTo="$parentText1" relativePoint="LEFT"/>
				</Anchors>
				<Scripts>
					<OnLoad>
						SmallMoneyFrame_OnLoad();
						MoneyFrame_SetType("STATIC");
					</OnLoad>
				</Scripts>
			</Frame>
			<Frame name="$parentMoney13" inherits="TinyMoneyFrameTemplate" hidden="true">
				<Anchors>
					<Anchor point="LEFT" relativeTo="$parentText1" relativePoint="LEFT"/>
				</Anchors>
				<Scripts>
					<OnLoad>
						SmallMoneyFrame_OnLoad();
						MoneyFrame_SetType("STATIC");
					</OnLoad>
				</Scripts>
			</Frame>
			<Frame name="$parentMoney14" inherits="TinyMoneyFrameTemplate" hidden="true">
				<Anchors>
					<Anchor point="LEFT" relativeTo="$parentText1" relativePoint="LEFT"/>
				</Anchors>
				<Scripts>
					<OnLoad>
						SmallMoneyFrame_OnLoad();
						MoneyFrame_SetType("STATIC");
					</OnLoad>
				</Scripts>
			</Frame>
			<Frame name="$parentMoney15" inherits="TinyMoneyFrameTemplate" hidden="true">
				<Anchors>
					<Anchor point="LEFT" relativeTo="$parentText1" relativePoint="LEFT"/>
				</Anchors>
				<Scripts>
					<OnLoad>
						SmallMoneyFrame_OnLoad();
						MoneyFrame_SetType("STATIC");
					</OnLoad>
				</Scripts>
			</Frame>
			<Frame name="$parentMoney16" inherits="TinyMoneyFrameTemplate" hidden="true">
				<Anchors>
					<Anchor point="LEFT" relativeTo="$parentText1" relativePoint="LEFT"/>
				</Anchors>
				<Scripts>
					<OnLoad>
						SmallMoneyFrame_OnLoad();
						MoneyFrame_SetType("STATIC");
					</OnLoad>
				</Scripts>
			</Frame>
			<Frame name="$parentMoney17" inherits="TinyMoneyFrameTemplate" hidden="true">
				<Anchors>
					<Anchor point="LEFT" relativeTo="$parentText1" relativePoint="LEFT"/>
				</Anchors>
				<Scripts>
					<OnLoad>
						SmallMoneyFrame_OnLoad();
						MoneyFrame_SetType("STATIC");
					</OnLoad>
				</Scripts>
			</Frame>
			<Frame name="$parentMoney18" inherits="TinyMoneyFrameTemplate" hidden="true">
				<Anchors>
					<Anchor point="LEFT" relativeTo="$parentText1" relativePoint="LEFT"/>
				</Anchors>
				<Scripts>
					<OnLoad>
						SmallMoneyFrame_OnLoad();
						MoneyFrame_SetType("STATIC");
					</OnLoad>
				</Scripts>
			</Frame>
			<Frame name="$parentMoney19" inherits="TinyMoneyFrameTemplate" hidden="true">
				<Anchors>
					<Anchor point="LEFT" relativeTo="$parentText1" relativePoint="LEFT"/>
				</Anchors>
				<Scripts>
					<OnLoad>
						SmallMoneyFrame_OnLoad();
						MoneyFrame_SetType("STATIC");
					</OnLoad>
				</Scripts>
			</Frame>
			<Frame name="$parentMoney20" inherits="TinyMoneyFrameTemplate" hidden="true">
				<Anchors>
					<Anchor point="LEFT" relativeTo="$parentText1" relativePoint="LEFT"/>
				</Anchors>
				<Scripts>
					<OnLoad>
						SmallMoneyFrame_OnLoad();
						MoneyFrame_SetType("STATIC");
					</OnLoad>
				</Scripts>
			</Frame>
			<Frame name="$parentMoney21" inherits="TinyMoneyFrameTemplate" hidden="true">
				<Anchors>
					<Anchor point="LEFT" relativeTo="$parentText1" relativePoint="LEFT"/>
				</Anchors>
				<Scripts>
					<OnLoad>
						SmallMoneyFrame_OnLoad();
						MoneyFrame_SetType("STATIC");
					</OnLoad>
				</Scripts>
			</Frame>
			<Frame name="$parentMoney22" inherits="TinyMoneyFrameTemplate" hidden="true">
				<Anchors>
					<Anchor point="LEFT" relativeTo="$parentText1" relativePoint="LEFT"/>
				</Anchors>
				<Scripts>
					<OnLoad>
						SmallMoneyFrame_OnLoad();
						MoneyFrame_SetType("STATIC");
					</OnLoad>
				</Scripts>
			</Frame>
			<Frame name="$parentMoney23" inherits="TinyMoneyFrameTemplate" hidden="true">
				<Anchors>
					<Anchor point="LEFT" relativeTo="$parentText1" relativePoint="LEFT"/>
				</Anchors>
				<Scripts>
					<OnLoad>
						SmallMoneyFrame_OnLoad();
						MoneyFrame_SetType("STATIC");
					</OnLoad>
				</Scripts>
			</Frame>
			<Frame name="$parentMoney24" inherits="TinyMoneyFrameTemplate" hidden="true">
				<Anchors>
					<Anchor point="LEFT" relativeTo="$parentText1" relativePoint="LEFT"/>
				</Anchors>
				<Scripts>
					<OnLoad>
						SmallMoneyFrame_OnLoad();
						MoneyFrame_SetType("STATIC");
					</OnLoad>
				</Scripts>
			</Frame>
			<Frame name="$parentMoney25" inherits="TinyMoneyFrameTemplate" hidden="true">
				<Anchors>
					<Anchor point="LEFT" relativeTo="$parentText1" relativePoint="LEFT"/>
				</Anchors>
				<Scripts>
					<OnLoad>
						SmallMoneyFrame_OnLoad();
						MoneyFrame_SetType("STATIC");
					</OnLoad>
				</Scripts>
			</Frame>
			<Frame name="$parentMoney26" inherits="TinyMoneyFrameTemplate" hidden="true">
				<Anchors>
					<Anchor point="LEFT" relativeTo="$parentText1" relativePoint="LEFT"/>
				</Anchors>
				<Scripts>
					<OnLoad>
						SmallMoneyFrame_OnLoad();
						MoneyFrame_SetType("STATIC");
					</OnLoad>
				</Scripts>
			</Frame>
			<Frame name="$parentMoney27" inherits="TinyMoneyFrameTemplate" hidden="true">
				<Anchors>
					<Anchor point="LEFT" relativeTo="$parentText1" relativePoint="LEFT"/>
				</Anchors>
				<Scripts>
					<OnLoad>
						SmallMoneyFrame_OnLoad();
						MoneyFrame_SetType("STATIC");
					</OnLoad>
				</Scripts>
			</Frame>
			<Frame name="$parentMoney28" inherits="TinyMoneyFrameTemplate" hidden="true">
				<Anchors>
					<Anchor point="LEFT" relativeTo="$parentText1" relativePoint="LEFT"/>
				</Anchors>
				<Scripts>
					<OnLoad>
						SmallMoneyFrame_OnLoad();
						MoneyFrame_SetType("STATIC");
					</OnLoad>
				</Scripts>
			</Frame>
			<Frame name="$parentMoney29" inherits="TinyMoneyFrameTemplate" hidden="true">
				<Anchors>
					<Anchor point="LEFT" relativeTo="$parentText1" relativePoint="LEFT"/>
				</Anchors>
				<Scripts>
					<OnLoad>
						SmallMoneyFrame_OnLoad();
						MoneyFrame_SetType("STATIC");
					</OnLoad>
				</Scripts>
			</Frame>
			<Frame name="$parentMoney30" inherits="TinyMoneyFrameTemplate" hidden="true">
				<Anchors>
					<Anchor point="LEFT" relativeTo="$parentText1" relativePoint="LEFT"/>
				</Anchors>
				<Scripts>
					<OnLoad>
						SmallMoneyFrame_OnLoad();
						MoneyFrame_SetType("STATIC");
					</OnLoad>
				</Scripts>
			</Frame>
		</Frames>
	</Frame>

	<Frame name="EnhancedTooltip" inherits="EnhancedTooltipTemplate" parent="UIParent" hidden="true">
		<Scripts>
			<OnLoad>
				TT_OnLoad();
			</OnLoad>
		</Scripts>
	</Frame>

	<Frame name="EnhancedUpdate" parent="UIParent" hidden="false">
		<Scripts>
			<OnUpdate>
				TT_OnUpdate(arg1);
			</OnUpdate>
		</Scripts>
	</Frame>

</Ui>
