<Ui xmlns="http://www.blizzard.com/wow/ui/"
    xmlns:xsi="http://www.w3.org/2001/XMLSchema-instance"
    xsi:schemaLocation="http://www.blizzard.com/wow/ui/
    ..\..\..\FrameXML\UI.xsd">
	
	<Button name="DPSMate_Details_Deaths_ScrollButton" virtual="true">
		<Size x="250" y="24" />
		<Layers>
			<Layer level="ARTWORT">
				<Texture name="$parent_Icon" file="Interface\AddOns\DPSMate\images\dummy">
					<Size x="24" y="24" />
					<Anchors>
						<Anchor point="TOPLEFT" />
					</Anchors>
				</Texture>
				<FontString name="$parent_Name" inherits="GameFontNormalSmall" justifyH="LEFT">
					<Size x="160" y="24" />
					<Anchors>
						<Anchor point="LEFT" relativeTo="$parent_Icon" relativePoint="RIGHT">
							<Offset x="5" y="0" />
						</Anchor>
					</Anchors>
				</FontString>
				<FontString name="$parent_Value" inherits="GameFontNormalSmall">
					<Size x="70" y="24" />
					<Anchors>
						<Anchor point="RIGHT">
							<Offset x="-5" y="0" />
						</Anchor>
					</Anchors>
				</FontString>
			</Layer>
			<Layer level="BACKGROUND">
				<Texture name="$parent_selected">
					<Anchors>
						<Anchor point="TOPLEFT" />
						<Anchor point="BOTTOMRIGHT" />
					</Anchors>
					<Color r="1" g="1" b="1" a="0.5" />
				</Texture>
			</Layer>
		</Layers>
		<Scripts>
			<OnClick>
				if this:GetParent():GetParent():GetName() == "DPSMate_Details_CompareDeaths" then
					DPSMate.Modules.DetailsDeaths:SelectDetailsButton(this:GetID(), "Compare")
				else
					DPSMate.Modules.DetailsDeaths:SelectDetailsButton(this:GetID(), "")
				end
			</OnClick>
		</Scripts>
	</Button>
	
	<Frame name="DPSMate_Details_Deaths_Row" virtual="true">
		<Size x="595" y="30" />
		<Layers>
			<Layer level="ARTWORK">
				<FontString name="$parent_Time" inherits="GameFontNormalSmall" justifyH="CENTER">
					<Size x="80" y="30" />
					<Anchors>
						<Anchor point="TOPLEFT" />
					</Anchors>
					<Color r="0.8" g="0.8" b="0.8" a="1" />
				</FontString>
				<FontString name="$parent_CombatTime" inherits="GameFontNormalSmall" justifyH="CENTER">
					<Size x="80" y="30" />
					<Anchors>
						<Anchor point="TOPLEFT">
							<Offset x="80" y="0" />
						</Anchor>
					</Anchors>
					<Color r="0.8" g="0.8" b="0.8" a="1" />
				</FontString>
				<FontString name="$parent_Cause" inherits="GameFontNormalSmall" justifyH="CENTER">
					<Size x="95" y="30" />
					<Anchors>
						<Anchor point="TOPLEFT">
							<Offset x="160" y="0" />
						</Anchor>
					</Anchors>
					<Color r="0.8" g="0.8" b="0.8" a="1" />
				</FontString>
				<FontString name="$parent_Ability" inherits="GameFontNormalSmall" justifyH="CENTER">
					<Size x="95" y="30" />
					<Anchors>
						<Anchor point="TOPLEFT">
							<Offset x="260" y="0" />
						</Anchor>
					</Anchors>
					<Color r="0.8" g="0.8" b="0.8" a="1" />
				</FontString>
				<FontString name="$parent_Type" inherits="GameFontNormalSmall" justifyH="CENTER">
					<Size x="50" y="30" />
					<Anchors>
						<Anchor point="TOPLEFT">
							<Offset x="360" y="0" />
						</Anchor>
					</Anchors>
					<Color r="1" g="0.6" b="0" a="1" />
				</FontString>
				<FontString name="$parent_HealIn" inherits="GameFontNormalSmall" justifyH="CENTER">
					<Size x="90" y="30" />
					<Anchors>
						<Anchor point="TOPLEFT">
							<Offset x="410" y="0" />
						</Anchor>
					</Anchors>
					<Color r="0" g="1" b="0" a="1" />
				</FontString>
				<FontString name="$parent_DamageIn" inherits="GameFontNormalSmall" justifyH="CENTER">
					<Size x="90" y="30" />
					<Anchors>
						<Anchor point="TOPLEFT">
							<Offset x="500" y="0" />
						</Anchor>
					</Anchors>
					<Color r="1" g="0" b="0" a="1" />
				</FontString>
			</Layer>
		</Layers>
	</Frame>
	
	<Frame name="DPSMate_Details_Deaths" parent="UIParent" movable="true" hidden="true">
		<Size x="900" y="450" />
		<Anchors>
			<Anchor point="RIGHT" />
		</Anchors>
		<Backdrop bgFile="Interface\Tooltips\UI-Tooltip-Background" edgeFile="Interface\Tooltips\UI-Tooltip-Border" tile="true">
			<BackgroundInsets left="6" right="6" top="6" bottom="6" />
			<TileSize val="16" />
			<EdgeSize val="16" />
			<Color r="0.157" g="0.08" b="0.06" a="1" />
		</Backdrop>
		<Layers>
			<Layer level="ARTWORK">
				<FontString name="$parent_Title" inherits="GameFontNormalHuge" justifyH="LEFT" justifyV="CENTER">
					<Size x="900" y="40" />
					<Anchors>
						<Anchor point="TOPLEFT">
							<Offset x="20" y="-10" />
						</Anchor>
					</Anchors>
				</FontString>
			</Layer>
		</Layers>
		<Scripts>
			<OnLoad>
				this:SetClampedToScreen()
				getglobal(this:GetName().."_Title"):SetFont("Fonts\\FRIZQT__.TTF", 24)
			</OnLoad>
			<OnMouseDown>
				this:StartMoving()
			</OnMouseDown>
			<OnMouseUp>
				this:StopMovingOrSizing()
			</OnMouseUp>
		</Scripts>
		<Frames>
			<Button name="$parent_CloseButton">
				<Size x="30" y="30" />
				<Anchors>
					<Anchor point="TOPRIGHT" relativeTo="$parent" relativePoint="TOPRIGHT">
						<Offset>
							<AbsDimension x="0" y="0"/>
						</Offset>
					</Anchor>
				</Anchors>
				<Scripts>
					<OnEnter>
						GameTooltip:SetOwner(this, "ANCHOR_RIGHT")
						GameTooltip:SetText(DPSMate.L["close"], nil, nil, nil, nil, 1)
						GameTooltip:Show()
					</OnEnter>
					<OnLeave>
						GameTooltip:Hide()
					</OnLeave>
					<OnClick>
						DPSMate_Details_Deaths:Hide()
						PlaySound("igMainMenuOptionCheckBoxOff")
					</OnClick>
				</Scripts>
				<NormalTexture file="Interface\Buttons\UI-Panel-MinimizeButton-Up"/>
				<PushedTexture file="Interface\Buttons\UI-Panel-MinimizeButton-Down"/>
				<HighlightTexture file="Interface\Buttons\UI-Panel-MinimizeButton-Highlight" alphaMode="ADD"/>
			</Button>
			<Frame name="$parent_Log">
				<Size x="275" y="380" />
				<Anchors>
					<Anchor point="TOPLEFT">
						<Offset x="10" y="-60" />
					</Anchor>
				</Anchors>
				<Backdrop bgFile="Interface\Tooltips\UI-Tooltip-Background" edgeFile="Interface\Tooltips\UI-Tooltip-Border" tile="true">
					<BackgroundInsets left="6" right="6" top="6" bottom="6" />
					<TileSize val="16" />
					<EdgeSize val="16" />
					<Color r="0.157" g="0.08" b="0.06" a="0.5" />
				</Backdrop>
				<Frames>
					<ScrollFrame name="$parent_ScrollFrame" inherits="FauxScrollFrameTemplate">
						<Anchors>
							<Anchor point="TOPLEFT">
								<Offset>
									<AbsDimension x="0" y="-5" />
								</Offset>
							</Anchor>
							<Anchor point="BOTTOMRIGHT">
								<Offset>
								  <AbsDimension x="-27" y="4"/>
								</Offset>
							</Anchor>
						</Anchors>
						<Scripts>
							<OnVerticalScroll>
								DPSMate_Details_Deaths.LastScroll = ""
								FauxScrollFrame_OnVerticalScroll(24, DPSMate.Modules.DetailsDeaths.ScrollFrame_Update) 
							</OnVerticalScroll>
					   </Scripts>
					</ScrollFrame>
					<Button name="$parent_ScrollButton1" inherits="DPSMate_Details_Deaths_ScrollButton" id="1">
						<Anchors>
							<Anchor point="TOPLEFT">
								<Offset x="5" y="-5" />
							</Anchor>
						</Anchors>
					</Button>
					<Button name="$parent_ScrollButton2" inherits="DPSMate_Details_Deaths_ScrollButton"  id="2">
						<Anchors>
							<Anchor point="TOP" relativeTo="$parent_ScrollButton1" relativePoint="BOTTOM">
								<Offset x="0" y="-2" />
							</Anchor>
						</Anchors>
					</Button>
					<Button name="$parent_ScrollButton3" inherits="DPSMate_Details_Deaths_ScrollButton"  id="3">
						<Anchors>
							<Anchor point="TOP" relativeTo="$parent_ScrollButton2" relativePoint="BOTTOM">
								<Offset x="0" y="-2" />
							</Anchor>
						</Anchors>
					</Button>
					<Button name="$parent_ScrollButton4" inherits="DPSMate_Details_Deaths_ScrollButton"  id="4">
						<Anchors>
							<Anchor point="TOP" relativeTo="$parent_ScrollButton3" relativePoint="BOTTOM">
								<Offset x="0" y="-2" />
							</Anchor>
						</Anchors>
					</Button>
					<Button name="$parent_ScrollButton5" inherits="DPSMate_Details_Deaths_ScrollButton"  id="5">
						<Anchors>
							<Anchor point="TOP" relativeTo="$parent_ScrollButton4" relativePoint="BOTTOM">
								<Offset x="0" y="-2" />
							</Anchor>
						</Anchors>
					</Button>
					<Button name="$parent_ScrollButton6" inherits="DPSMate_Details_Deaths_ScrollButton"  id="6">
						<Anchors>
							<Anchor point="TOP" relativeTo="$parent_ScrollButton5" relativePoint="BOTTOM">
								<Offset x="0" y="-2" />
							</Anchor>
						</Anchors>
					</Button>
					<Button name="$parent_ScrollButton7" inherits="DPSMate_Details_Deaths_ScrollButton"  id="7">
						<Anchors>
							<Anchor point="TOP" relativeTo="$parent_ScrollButton6" relativePoint="BOTTOM">
								<Offset x="0" y="-2" />
							</Anchor>
						</Anchors>
					</Button>
					<Button name="$parent_ScrollButton8" inherits="DPSMate_Details_Deaths_ScrollButton"  id="8">
						<Anchors>
							<Anchor point="TOP" relativeTo="$parent_ScrollButton7" relativePoint="BOTTOM">
								<Offset x="0" y="-2" />
							</Anchor>
						</Anchors>
					</Button>
					<Button name="$parent_ScrollButton9" inherits="DPSMate_Details_Deaths_ScrollButton"  id="9">
						<Anchors>
							<Anchor point="TOP" relativeTo="$parent_ScrollButton8" relativePoint="BOTTOM">
								<Offset x="0" y="-2" />
							</Anchor>
						</Anchors>
					</Button>
					<Button name="$parent_ScrollButton10" inherits="DPSMate_Details_Deaths_ScrollButton"  id="10">
						<Anchors>
							<Anchor point="TOP" relativeTo="$parent_ScrollButton9" relativePoint="BOTTOM">
								<Offset x="0" y="-2" />
							</Anchor>
						</Anchors>
					</Button>
					<Button name="$parent_ScrollButton11" inherits="DPSMate_Details_Deaths_ScrollButton"  id="10">
						<Anchors>
							<Anchor point="TOP" relativeTo="$parent_ScrollButton10" relativePoint="BOTTOM">
								<Offset x="0" y="-2" />
							</Anchor>
						</Anchors>
					</Button>
					<Button name="$parent_ScrollButton12" inherits="DPSMate_Details_Deaths_ScrollButton"  id="10">
						<Anchors>
							<Anchor point="TOP" relativeTo="$parent_ScrollButton11" relativePoint="BOTTOM">
								<Offset x="0" y="-2" />
							</Anchor>
						</Anchors>
					</Button>
					<Button name="$parent_ScrollButton13" inherits="DPSMate_Details_Deaths_ScrollButton"  id="10">
						<Anchors>
							<Anchor point="TOP" relativeTo="$parent_ScrollButton12" relativePoint="BOTTOM">
								<Offset x="0" y="-2" />
							</Anchor>
						</Anchors>
					</Button>
					<Button name="$parent_ScrollButton14" inherits="DPSMate_Details_Deaths_ScrollButton"  id="10">
						<Anchors>
							<Anchor point="TOP" relativeTo="$parent_ScrollButton13" relativePoint="BOTTOM">
								<Offset x="0" y="-2" />
							</Anchor>
						</Anchors>
					</Button>
				</Frames>
			</Frame>
			<ScrollFrame name="$parent_LogDetails">
				<Size x="605" y="380" />
				<Anchors>
					<Anchor point="LEFT" relativeTo="$parent_Log" relativePoint="RIGHT" />
				</Anchors>
				<Backdrop bgFile="Interface\Tooltips\UI-Tooltip-Background" edgeFile="Interface\Tooltips\UI-Tooltip-Border" tile="true">
					<BackgroundInsets left="6" right="6" top="6" bottom="6" />
					<TileSize val="16" />
					<EdgeSize val="16" />
					<Color r="0.157" g="0.08" b="0.06" a="0.5" />
				</Backdrop>
				<Scripts>
					<OnLoad>
						DPSMate.Modules.DetailsDeaths:CreateGraphTable("")
						getglobal(this:GetName().."_Time"):SetText(DPSMate.L["time"])
						getglobal(this:GetName().."_CombatTime"):SetText(DPSMate.L["cbt"])
						getglobal(this:GetName().."_Cause"):SetText(DPSMate.L["cause"])
						getglobal(this:GetName().."_Ability"):SetText(DPSMate.L["ability"])
						getglobal(this:GetName().."_Type"):SetText(DPSMate.L["type"])
						getglobal(this:GetName().."_HealIn"):SetText(DPSMate.L["healin"])
						getglobal(this:GetName().."_DamageIn"):SetText(DPSMate.L["damagein"])
						this:SetVerticalScroll(0)
					</OnLoad>
					<OnMouseWheel>
						DPSMate.Options:OnVerticalScroll(this, arg1, 30)
					</OnMouseWheel>
				</Scripts>
				<HitRectInsets left="0" right="0" top="35" bottom="15"/>
				<Layers>
					<Layer level="ARTWORK">
						<FontString name="$parent_Time" inherits="GameFontNormal" justifyH="LEFT">
							<Size x="70" y="24" />
							<Anchors>
								<Anchor point="TOPLEFT">
									<Offset x="25" y="-10" />
								</Anchor>
							</Anchors>
						</FontString>
						<FontString name="$parent_CombatTime" inherits="GameFontNormal" justifyH="LEFT">
							<Size x="80" y="24" />
							<Anchors>
								<Anchor point="LEFT" relativeTo="$parent_Time" relativePoint="RIGHT">
									<Offset x="-5" y="0" />
								</Anchor>
							</Anchors>
						</FontString>
						<FontString name="$parent_Cause" inherits="GameFontNormal" justifyH="LEFT">
							<Size x="80" y="24" />
							<Anchors>
								<Anchor point="LEFT" relativeTo="$parent_Time" relativePoint="RIGHT">
									<Offset x="95" y="0" />
								</Anchor>
							</Anchors>
						</FontString>
						<FontString name="$parent_Ability" inherits="GameFontNormal" justifyH="LEFT">
							<Size x="80" y="24" />
							<Anchors>
								<Anchor point="LEFT" relativeTo="$parent_Time" relativePoint="RIGHT">
									<Offset x="195" y="0" />
								</Anchor>
							</Anchors>
						</FontString>
						<FontString name="$parent_Type" inherits="GameFontNormal" justifyH="LEFT">
							<Size x="80" y="24" />
							<Anchors>
								<Anchor point="LEFT" relativeTo="$parent_Time" relativePoint="RIGHT">
									<Offset x="275" y="0" />
								</Anchor>
							</Anchors>
						</FontString>
						<FontString name="$parent_HealIn" inherits="GameFontNormal" justifyH="LEFT">
							<Size x="80" y="24" />
							<Anchors>
								<Anchor point="LEFT" relativeTo="$parent_Time" relativePoint="RIGHT">
									<Offset x="336" y="0" />
								</Anchor>
							</Anchors>
						</FontString>
						<FontString name="$parent_DamageIn" inherits="GameFontNormal" justifyH="LEFT">
							<Size x="80" y="24" />
							<Anchors>
								<Anchor point="LEFT" relativeTo="$parent_Time" relativePoint="RIGHT">
									<Offset x="420" y="0" />
								</Anchor>
							</Anchors>
						</FontString>
					</Layer>
				</Layers>
				<ScrollChild>
					<Frame name="$parent_Child">
						<Size x="300" y="366" />
						<Frames>
							<Frame name="$parent_Row1" inherits="DPSMate_Details_Deaths_Row">
								<Anchors>
									<Anchor point="TOPLEFT">
										<Offset x="0" y="-35" />
									</Anchor>
								</Anchors>
							</Frame>
							<Frame name="$parent_Row2" inherits="DPSMate_Details_Deaths_Row">
								<Anchors>
									<Anchor point="TOP" relativeTo="$parent_Row1" relativePoint="BOTTOM" />
								</Anchors>
							</Frame>
							<Frame name="$parent_Row3" inherits="DPSMate_Details_Deaths_Row">
								<Anchors>
									<Anchor point="TOP" relativeTo="$parent_Row2" relativePoint="BOTTOM" />
								</Anchors>
							</Frame>
							<Frame name="$parent_Row4" inherits="DPSMate_Details_Deaths_Row">
								<Anchors>
									<Anchor point="TOP" relativeTo="$parent_Row3" relativePoint="BOTTOM" />
								</Anchors>
							</Frame>
							<Frame name="$parent_Row5" inherits="DPSMate_Details_Deaths_Row">
								<Anchors>
									<Anchor point="TOP" relativeTo="$parent_Row4" relativePoint="BOTTOM" />
								</Anchors>
							</Frame>
							<Frame name="$parent_Row6" inherits="DPSMate_Details_Deaths_Row">
								<Anchors>
									<Anchor point="TOP" relativeTo="$parent_Row5" relativePoint="BOTTOM" />
								</Anchors>
							</Frame>
							<Frame name="$parent_Row7" inherits="DPSMate_Details_Deaths_Row">
								<Anchors>
									<Anchor point="TOP" relativeTo="$parent_Row6" relativePoint="BOTTOM" />
								</Anchors>
							</Frame>
							<Frame name="$parent_Row8" inherits="DPSMate_Details_Deaths_Row">
								<Anchors>
									<Anchor point="TOP" relativeTo="$parent_Row7" relativePoint="BOTTOM" />
								</Anchors>
							</Frame>
							<Frame name="$parent_Row9" inherits="DPSMate_Details_Deaths_Row">
								<Anchors>
									<Anchor point="TOP" relativeTo="$parent_Row8" relativePoint="BOTTOM" />
								</Anchors>
							</Frame>
							<Frame name="$parent_Row10" inherits="DPSMate_Details_Deaths_Row">
								<Anchors>
									<Anchor point="TOP" relativeTo="$parent_Row9" relativePoint="BOTTOM" />
								</Anchors>
							</Frame>
							<Frame name="$parent_Row11" inherits="DPSMate_Details_Deaths_Row">
								<Anchors>
									<Anchor point="TOP" relativeTo="$parent_Row10" relativePoint="BOTTOM" />
								</Anchors>
							</Frame>
							<Frame name="$parent_Row12" inherits="DPSMate_Details_Deaths_Row">
								<Anchors>
									<Anchor point="TOP" relativeTo="$parent_Row11" relativePoint="BOTTOM" />
								</Anchors>
							</Frame>
							<Frame name="$parent_Row13" inherits="DPSMate_Details_Deaths_Row">
								<Anchors>
									<Anchor point="TOP" relativeTo="$parent_Row12" relativePoint="BOTTOM" />
								</Anchors>
							</Frame>
							<Frame name="$parent_Row14" inherits="DPSMate_Details_Deaths_Row">
								<Anchors>
									<Anchor point="TOP" relativeTo="$parent_Row13" relativePoint="BOTTOM" />
								</Anchors>
							</Frame>
							<Frame name="$parent_Row15" inherits="DPSMate_Details_Deaths_Row">
								<Anchors>
									<Anchor point="TOP" relativeTo="$parent_Row14" relativePoint="BOTTOM" />
								</Anchors>
							</Frame>
							<Frame name="$parent_Row16" inherits="DPSMate_Details_Deaths_Row">
								<Anchors>
									<Anchor point="TOP" relativeTo="$parent_Row15" relativePoint="BOTTOM" />
								</Anchors>
							</Frame>
							<Frame name="$parent_Row17" inherits="DPSMate_Details_Deaths_Row">
								<Anchors>
									<Anchor point="TOP" relativeTo="$parent_Row16" relativePoint="BOTTOM" />
								</Anchors>
							</Frame>
							<Frame name="$parent_Row18" inherits="DPSMate_Details_Deaths_Row">
								<Anchors>
									<Anchor point="TOP" relativeTo="$parent_Row17" relativePoint="BOTTOM" />
								</Anchors>
							</Frame>
							<Frame name="$parent_Row19" inherits="DPSMate_Details_Deaths_Row">
								<Anchors>
									<Anchor point="TOP" relativeTo="$parent_Row18" relativePoint="BOTTOM" />
								</Anchors>
							</Frame>
							<Frame name="$parent_Row20" inherits="DPSMate_Details_Deaths_Row">
								<Anchors>
									<Anchor point="TOP" relativeTo="$parent_Row19" relativePoint="BOTTOM" />
								</Anchors>
							</Frame>
						</Frames>
					</Frame>
				</ScrollChild>
			</ScrollFrame>
		</Frames>
	</Frame>
	
	<Frame name="DPSMate_Details_CompareDeaths" parent="DPSMate_Details_Deaths" movable="true" hidden="true">
		<Size x="900" y="450" />
		<Anchors>
			<Anchor point="RIGHT" relativeTo="$parent" relativePoint="LEFT" />
		</Anchors>
		<Backdrop bgFile="Interface\Tooltips\UI-Tooltip-Background" edgeFile="Interface\Tooltips\UI-Tooltip-Border" tile="true">
			<BackgroundInsets left="6" right="6" top="6" bottom="6" />
			<TileSize val="16" />
			<EdgeSize val="16" />
			<Color r="0.157" g="0.08" b="0.06" a="1" />
		</Backdrop>
		<Layers>
			<Layer level="ARTWORK">
				<FontString name="$parent_Title" inherits="GameFontNormalHuge" justifyH="LEFT" justifyV="CENTER">
					<Size x="900" y="40" />
					<Anchors>
						<Anchor point="TOPLEFT">
							<Offset x="20" y="-10" />
						</Anchor>
					</Anchors>
				</FontString>
			</Layer>
		</Layers>
		<Scripts>
			<OnLoad>
				getglobal(this:GetName().."_Title"):SetFont("Fonts\\FRIZQT__.TTF", 24)
			</OnLoad>
			<OnMouseDown>
				this:GetParent():StartMoving()
			</OnMouseDown>
			<OnMouseUp>
				this:GetParent():StopMovingOrSizing()
			</OnMouseUp>
		</Scripts>
		<Frames>
			<Button name="$parent_CloseButton">
				<Size x="30" y="30" />
				<Anchors>
					<Anchor point="TOPRIGHT" relativeTo="$parent" relativePoint="TOPRIGHT">
						<Offset>
							<AbsDimension x="0" y="0"/>
						</Offset>
					</Anchor>
				</Anchors>
				<Scripts>
					<OnEnter>
						GameTooltip:SetOwner(this, "ANCHOR_RIGHT")
						GameTooltip:SetText(DPSMate.L["close"], nil, nil, nil, nil, 1)
						GameTooltip:Show()
					</OnEnter>
					<OnLeave>
						GameTooltip:Hide()
					</OnLeave>
					<OnClick>
						DPSMate_Details_Deaths:Hide()
						PlaySound("igMainMenuOptionCheckBoxOff")
					</OnClick>
				</Scripts>
				<NormalTexture file="Interface\Buttons\UI-Panel-MinimizeButton-Up"/>
				<PushedTexture file="Interface\Buttons\UI-Panel-MinimizeButton-Down"/>
				<HighlightTexture file="Interface\Buttons\UI-Panel-MinimizeButton-Highlight" alphaMode="ADD"/>
			</Button>
			<Frame name="$parent_Log">
				<Size x="275" y="380" />
				<Anchors>
					<Anchor point="TOPLEFT">
						<Offset x="10" y="-60" />
					</Anchor>
				</Anchors>
				<Backdrop bgFile="Interface\Tooltips\UI-Tooltip-Background" edgeFile="Interface\Tooltips\UI-Tooltip-Border" tile="true">
					<BackgroundInsets left="6" right="6" top="6" bottom="6" />
					<TileSize val="16" />
					<EdgeSize val="16" />
					<Color r="0.157" g="0.08" b="0.06" a="0.5" />
				</Backdrop>
				<Frames>
					<ScrollFrame name="$parent_ScrollFrame" inherits="FauxScrollFrameTemplate">
						<Anchors>
							<Anchor point="TOPLEFT">
								<Offset>
									<AbsDimension x="0" y="-5" />
								</Offset>
							</Anchor>
							<Anchor point="BOTTOMRIGHT">
								<Offset>
								  <AbsDimension x="-27" y="4"/>
								</Offset>
							</Anchor>
						</Anchors>
						<Scripts>
							<OnVerticalScroll>
								DPSMate_Details_Deaths.LastScroll = "Compare"
								FauxScrollFrame_OnVerticalScroll(24, DPSMate.Modules.DetailsDeaths.ScrollFrame_Update) 
							</OnVerticalScroll>
					   </Scripts>
					</ScrollFrame>
					<Button name="$parent_ScrollButton1" inherits="DPSMate_Details_Deaths_ScrollButton" id="1">
						<Anchors>
							<Anchor point="TOPLEFT">
								<Offset x="5" y="-5" />
							</Anchor>
						</Anchors>
					</Button>
					<Button name="$parent_ScrollButton2" inherits="DPSMate_Details_Deaths_ScrollButton"  id="2">
						<Anchors>
							<Anchor point="TOP" relativeTo="$parent_ScrollButton1" relativePoint="BOTTOM">
								<Offset x="0" y="-2" />
							</Anchor>
						</Anchors>
					</Button>
					<Button name="$parent_ScrollButton3" inherits="DPSMate_Details_Deaths_ScrollButton"  id="3">
						<Anchors>
							<Anchor point="TOP" relativeTo="$parent_ScrollButton2" relativePoint="BOTTOM">
								<Offset x="0" y="-2" />
							</Anchor>
						</Anchors>
					</Button>
					<Button name="$parent_ScrollButton4" inherits="DPSMate_Details_Deaths_ScrollButton"  id="4">
						<Anchors>
							<Anchor point="TOP" relativeTo="$parent_ScrollButton3" relativePoint="BOTTOM">
								<Offset x="0" y="-2" />
							</Anchor>
						</Anchors>
					</Button>
					<Button name="$parent_ScrollButton5" inherits="DPSMate_Details_Deaths_ScrollButton"  id="5">
						<Anchors>
							<Anchor point="TOP" relativeTo="$parent_ScrollButton4" relativePoint="BOTTOM">
								<Offset x="0" y="-2" />
							</Anchor>
						</Anchors>
					</Button>
					<Button name="$parent_ScrollButton6" inherits="DPSMate_Details_Deaths_ScrollButton"  id="6">
						<Anchors>
							<Anchor point="TOP" relativeTo="$parent_ScrollButton5" relativePoint="BOTTOM">
								<Offset x="0" y="-2" />
							</Anchor>
						</Anchors>
					</Button>
					<Button name="$parent_ScrollButton7" inherits="DPSMate_Details_Deaths_ScrollButton"  id="7">
						<Anchors>
							<Anchor point="TOP" relativeTo="$parent_ScrollButton6" relativePoint="BOTTOM">
								<Offset x="0" y="-2" />
							</Anchor>
						</Anchors>
					</Button>
					<Button name="$parent_ScrollButton8" inherits="DPSMate_Details_Deaths_ScrollButton"  id="8">
						<Anchors>
							<Anchor point="TOP" relativeTo="$parent_ScrollButton7" relativePoint="BOTTOM">
								<Offset x="0" y="-2" />
							</Anchor>
						</Anchors>
					</Button>
					<Button name="$parent_ScrollButton9" inherits="DPSMate_Details_Deaths_ScrollButton"  id="9">
						<Anchors>
							<Anchor point="TOP" relativeTo="$parent_ScrollButton8" relativePoint="BOTTOM">
								<Offset x="0" y="-2" />
							</Anchor>
						</Anchors>
					</Button>
					<Button name="$parent_ScrollButton10" inherits="DPSMate_Details_Deaths_ScrollButton"  id="10">
						<Anchors>
							<Anchor point="TOP" relativeTo="$parent_ScrollButton9" relativePoint="BOTTOM">
								<Offset x="0" y="-2" />
							</Anchor>
						</Anchors>
					</Button>
					<Button name="$parent_ScrollButton11" inherits="DPSMate_Details_Deaths_ScrollButton"  id="10">
						<Anchors>
							<Anchor point="TOP" relativeTo="$parent_ScrollButton10" relativePoint="BOTTOM">
								<Offset x="0" y="-2" />
							</Anchor>
						</Anchors>
					</Button>
					<Button name="$parent_ScrollButton12" inherits="DPSMate_Details_Deaths_ScrollButton"  id="10">
						<Anchors>
							<Anchor point="TOP" relativeTo="$parent_ScrollButton11" relativePoint="BOTTOM">
								<Offset x="0" y="-2" />
							</Anchor>
						</Anchors>
					</Button>
					<Button name="$parent_ScrollButton13" inherits="DPSMate_Details_Deaths_ScrollButton"  id="10">
						<Anchors>
							<Anchor point="TOP" relativeTo="$parent_ScrollButton12" relativePoint="BOTTOM">
								<Offset x="0" y="-2" />
							</Anchor>
						</Anchors>
					</Button>
					<Button name="$parent_ScrollButton14" inherits="DPSMate_Details_Deaths_ScrollButton"  id="10">
						<Anchors>
							<Anchor point="TOP" relativeTo="$parent_ScrollButton13" relativePoint="BOTTOM">
								<Offset x="0" y="-2" />
							</Anchor>
						</Anchors>
					</Button>
				</Frames>
			</Frame>
			<ScrollFrame name="$parent_LogDetails">
				<Size x="605" y="380" />
				<Anchors>
					<Anchor point="LEFT" relativeTo="$parent_Log" relativePoint="RIGHT" />
				</Anchors>
				<Backdrop bgFile="Interface\Tooltips\UI-Tooltip-Background" edgeFile="Interface\Tooltips\UI-Tooltip-Border" tile="true">
					<BackgroundInsets left="6" right="6" top="6" bottom="6" />
					<TileSize val="16" />
					<EdgeSize val="16" />
					<Color r="0.157" g="0.08" b="0.06" a="0.5" />
				</Backdrop>
				<Scripts>
					<OnLoad>
						DPSMate.Modules.DetailsDeaths:CreateGraphTable("Compare")
						getglobal(this:GetName().."_Time"):SetText(DPSMate.L["time"])
						getglobal(this:GetName().."_CombatTime"):SetText(DPSMate.L["cbt"])
						getglobal(this:GetName().."_Cause"):SetText(DPSMate.L["cause"])
						getglobal(this:GetName().."_Ability"):SetText(DPSMate.L["ability"])
						getglobal(this:GetName().."_Type"):SetText(DPSMate.L["type"])
						getglobal(this:GetName().."_HealIn"):SetText(DPSMate.L["healin"])
						getglobal(this:GetName().."_DamageIn"):SetText(DPSMate.L["damagein"])
						this:SetVerticalScroll(0)
					</OnLoad>
					<OnMouseWheel>
						DPSMate.Options:OnVerticalScroll(this, arg1, 30)
					</OnMouseWheel>
				</Scripts>
				<HitRectInsets left="0" right="0" top="35" bottom="15"/>
				<Layers>
					<Layer level="ARTWORK">
						<FontString name="$parent_Time" inherits="GameFontNormal" justifyH="LEFT">
							<Size x="70" y="24" />
							<Anchors>
								<Anchor point="TOPLEFT">
									<Offset x="25" y="-10" />
								</Anchor>
							</Anchors>
						</FontString>
						<FontString name="$parent_CombatTime" inherits="GameFontNormal" justifyH="LEFT">
							<Size x="80" y="24" />
							<Anchors>
								<Anchor point="LEFT" relativeTo="$parent_Time" relativePoint="RIGHT">
									<Offset x="-5" y="0" />
								</Anchor>
							</Anchors>
						</FontString>
						<FontString name="$parent_Cause" inherits="GameFontNormal" justifyH="LEFT">
							<Size x="80" y="24" />
							<Anchors>
								<Anchor point="LEFT" relativeTo="$parent_Time" relativePoint="RIGHT">
									<Offset x="95" y="0" />
								</Anchor>
							</Anchors>
						</FontString>
						<FontString name="$parent_Ability" inherits="GameFontNormal" justifyH="LEFT">
							<Size x="80" y="24" />
							<Anchors>
								<Anchor point="LEFT" relativeTo="$parent_Time" relativePoint="RIGHT">
									<Offset x="195" y="0" />
								</Anchor>
							</Anchors>
						</FontString>
						<FontString name="$parent_Type" inherits="GameFontNormal" justifyH="LEFT">
							<Size x="80" y="24" />
							<Anchors>
								<Anchor point="LEFT" relativeTo="$parent_Time" relativePoint="RIGHT">
									<Offset x="275" y="0" />
								</Anchor>
							</Anchors>
						</FontString>
						<FontString name="$parent_HealIn" inherits="GameFontNormal" justifyH="LEFT">
							<Size x="80" y="24" />
							<Anchors>
								<Anchor point="LEFT" relativeTo="$parent_Time" relativePoint="RIGHT">
									<Offset x="336" y="0" />
								</Anchor>
							</Anchors>
						</FontString>
						<FontString name="$parent_DamageIn" inherits="GameFontNormal" justifyH="LEFT">
							<Size x="80" y="24" />
							<Anchors>
								<Anchor point="LEFT" relativeTo="$parent_Time" relativePoint="RIGHT">
									<Offset x="420" y="0" />
								</Anchor>
							</Anchors>
						</FontString>
					</Layer>
				</Layers>
				<ScrollChild>
					<Frame name="$parent_Child">
						<Size x="300" y="366" />
						<Frames>
							<Frame name="$parent_Row1" inherits="DPSMate_Details_Deaths_Row">
								<Anchors>
									<Anchor point="TOPLEFT">
										<Offset x="0" y="-35" />
									</Anchor>
								</Anchors>
							</Frame>
							<Frame name="$parent_Row2" inherits="DPSMate_Details_Deaths_Row">
								<Anchors>
									<Anchor point="TOP" relativeTo="$parent_Row1" relativePoint="BOTTOM" />
								</Anchors>
							</Frame>
							<Frame name="$parent_Row3" inherits="DPSMate_Details_Deaths_Row">
								<Anchors>
									<Anchor point="TOP" relativeTo="$parent_Row2" relativePoint="BOTTOM" />
								</Anchors>
							</Frame>
							<Frame name="$parent_Row4" inherits="DPSMate_Details_Deaths_Row">
								<Anchors>
									<Anchor point="TOP" relativeTo="$parent_Row3" relativePoint="BOTTOM" />
								</Anchors>
							</Frame>
							<Frame name="$parent_Row5" inherits="DPSMate_Details_Deaths_Row">
								<Anchors>
									<Anchor point="TOP" relativeTo="$parent_Row4" relativePoint="BOTTOM" />
								</Anchors>
							</Frame>
							<Frame name="$parent_Row6" inherits="DPSMate_Details_Deaths_Row">
								<Anchors>
									<Anchor point="TOP" relativeTo="$parent_Row5" relativePoint="BOTTOM" />
								</Anchors>
							</Frame>
							<Frame name="$parent_Row7" inherits="DPSMate_Details_Deaths_Row">
								<Anchors>
									<Anchor point="TOP" relativeTo="$parent_Row6" relativePoint="BOTTOM" />
								</Anchors>
							</Frame>
							<Frame name="$parent_Row8" inherits="DPSMate_Details_Deaths_Row">
								<Anchors>
									<Anchor point="TOP" relativeTo="$parent_Row7" relativePoint="BOTTOM" />
								</Anchors>
							</Frame>
							<Frame name="$parent_Row9" inherits="DPSMate_Details_Deaths_Row">
								<Anchors>
									<Anchor point="TOP" relativeTo="$parent_Row8" relativePoint="BOTTOM" />
								</Anchors>
							</Frame>
							<Frame name="$parent_Row10" inherits="DPSMate_Details_Deaths_Row">
								<Anchors>
									<Anchor point="TOP" relativeTo="$parent_Row9" relativePoint="BOTTOM" />
								</Anchors>
							</Frame>
							<Frame name="$parent_Row11" inherits="DPSMate_Details_Deaths_Row">
								<Anchors>
									<Anchor point="TOP" relativeTo="$parent_Row10" relativePoint="BOTTOM" />
								</Anchors>
							</Frame>
							<Frame name="$parent_Row12" inherits="DPSMate_Details_Deaths_Row">
								<Anchors>
									<Anchor point="TOP" relativeTo="$parent_Row11" relativePoint="BOTTOM" />
								</Anchors>
							</Frame>
							<Frame name="$parent_Row13" inherits="DPSMate_Details_Deaths_Row">
								<Anchors>
									<Anchor point="TOP" relativeTo="$parent_Row12" relativePoint="BOTTOM" />
								</Anchors>
							</Frame>
							<Frame name="$parent_Row14" inherits="DPSMate_Details_Deaths_Row">
								<Anchors>
									<Anchor point="TOP" relativeTo="$parent_Row13" relativePoint="BOTTOM" />
								</Anchors>
							</Frame>
							<Frame name="$parent_Row15" inherits="DPSMate_Details_Deaths_Row">
								<Anchors>
									<Anchor point="TOP" relativeTo="$parent_Row14" relativePoint="BOTTOM" />
								</Anchors>
							</Frame>
							<Frame name="$parent_Row16" inherits="DPSMate_Details_Deaths_Row">
								<Anchors>
									<Anchor point="TOP" relativeTo="$parent_Row15" relativePoint="BOTTOM" />
								</Anchors>
							</Frame>
							<Frame name="$parent_Row17" inherits="DPSMate_Details_Deaths_Row">
								<Anchors>
									<Anchor point="TOP" relativeTo="$parent_Row16" relativePoint="BOTTOM" />
								</Anchors>
							</Frame>
							<Frame name="$parent_Row18" inherits="DPSMate_Details_Deaths_Row">
								<Anchors>
									<Anchor point="TOP" relativeTo="$parent_Row17" relativePoint="BOTTOM" />
								</Anchors>
							</Frame>
							<Frame name="$parent_Row19" inherits="DPSMate_Details_Deaths_Row">
								<Anchors>
									<Anchor point="TOP" relativeTo="$parent_Row18" relativePoint="BOTTOM" />
								</Anchors>
							</Frame>
							<Frame name="$parent_Row20" inherits="DPSMate_Details_Deaths_Row">
								<Anchors>
									<Anchor point="TOP" relativeTo="$parent_Row19" relativePoint="BOTTOM" />
								</Anchors>
							</Frame>
						</Frames>
					</Frame>
				</ScrollChild>
			</ScrollFrame>
		</Frames>
	</Frame>
	
</Ui>