<Ui xmlns="http://www.blizzard.com/wow/ui/"
    xmlns:xsi="http://www.w3.org/2001/XMLSchema-instance"
    xsi:schemaLocation="http://www.blizzard.com/wow/ui/
    ..\..\..\FrameXML\UI.xsd">
	
	<Button name="DPSMate_Details_CurePoison_ScrollButton" virtual="true">
		<Size x="220" y="24" />
		<Layers>
			<Layer level="ARTWORT">
				<Texture name="$parent_Icon" file="Interface\AddOns\DPSMate\images\dummy">
					<Size x="24" y="24" />
					<Anchors>
						<Anchor point="TOPLEFT" />
					</Anchors>
				</Texture>
				<FontString name="$parent_Name" inherits="GameFontNormalSmall" text="Killed by Firy Elemental of Molten Core" justifyH="LEFT">
					<Size x="130" y="24" />
					<Anchors>
						<Anchor point="LEFT" relativeTo="$parent_Icon" relativePoint="RIGHT">
							<Offset x="5" y="0" />
						</Anchor>
					</Anchors>
				</FontString>
				<FontString name="$parent_Value" inherits="GameFontNormalSmall" text="12:25 PM">
					<Size x="70" y="24" />
					<Anchors>
						<Anchor point="RIGHT">
							<Offset x="-5" y="0" />
						</Anchor>
					</Anchors>
				</FontString>
			</Layer>
			<Layer level="BACKGROUND">
				<Texture name="$parent_selected">
					<Anchors>
						<Anchor point="TOPLEFT" />
						<Anchor point="BOTTOMRIGHT" />
					</Anchors>
					<Color r="1" g="1" b="1" a="0.5" />
				</Texture>
			</Layer>
		</Layers>
		<Scripts>
			<OnClick>
				if this:GetParent():GetParent():GetName() == "DPSMate_Details_CompareCurePoison" then
					if this:GetParent():GetName()=="DPSMate_Details_CompareCurePoison_Log" then
						DPSMate.Modules.DetailsCurePoison:SelectCreatureButton(this:GetID(),"Compare")
					elseif this:GetParent():GetName()=="DPSMate_Details_CompareCurePoison_LogTwo" then
						DPSMate.Modules.DetailsCurePoison:SelectCreatureAbilityButton(DPSMate_Details_CompareCurePoison_LogTwo_ScrollFrame.index, this:GetID(),"Compare")
					end
				else
					if this:GetParent():GetName()=="DPSMate_Details_CurePoison_Log" then
						DPSMate.Modules.DetailsCurePoison:SelectCreatureButton(this:GetID(),"")
					elseif this:GetParent():GetName()=="DPSMate_Details_CurePoison_LogTwo" then
						DPSMate.Modules.DetailsCurePoison:SelectCreatureAbilityButton(DPSMate_Details_CurePoison_LogTwo_ScrollFrame.index, this:GetID(),"")
					end
				end
			</OnClick>
		</Scripts>
	</Button>
	
	<Frame name="DPSMate_Details_CurePoison" parent="UIParent" movable="true" hidden="true">
		<Size x="755" y="450" />
		<Anchors>
			<Anchor point="RIGHT" />
		</Anchors>
		<Backdrop bgFile="Interface\Tooltips\UI-Tooltip-Background" edgeFile="Interface\Tooltips\UI-Tooltip-Border" tile="true">
			<BackgroundInsets left="6" right="6" top="6" bottom="6" />
			<TileSize val="16" />
			<EdgeSize val="16" />
			<Color r="0.157" g="0.08" b="0.06" a="1" />
		</Backdrop>
		<Layers>
			<Layer level="ARTWORK">
				<FontString name="$parent_Title" inherits="GameFontNormalHuge" justifyH="LEFT" justifyV="CENTER" text="CurePoison of Shino">
					<Size x="900" y="40" />
					<Anchors>
						<Anchor point="TOPLEFT">
							<Offset x="20" y="-10" />
						</Anchor>
					</Anchors>
				</FontString>
			</Layer>
		</Layers>
		<Scripts>
			<OnLoad>
				this:SetClampedToScreen()
				getglobal(this:GetName().."_Title"):SetFont("Fonts\\FRIZQT__.TTF", 24)
			</OnLoad>
			<OnMouseDown>
				this:StartMoving()
			</OnMouseDown>
			<OnMouseUp>
				this:StopMovingOrSizing()
			</OnMouseUp>
		</Scripts>
		<Frames>
			<Button name="$parent_CloseButton">
				<Size x="30" y="30" />
				<Anchors>
					<Anchor point="TOPRIGHT" relativeTo="$parent" relativePoint="TOPRIGHT">
						<Offset>
							<AbsDimension x="0" y="0"/>
						</Offset>
					</Anchor>
				</Anchors>
				<Scripts>
					<OnEnter>
						GameTooltip:SetOwner(this, "ANCHOR_RIGHT")
						GameTooltip:SetText(DPSMate.L["close"], nil, nil, nil, nil, 1)
						GameTooltip:Show()
					</OnEnter>
					<OnLeave>
						GameTooltip:Hide()
					</OnLeave>
					<OnClick>
						DPSMate_Details_CurePoison:Hide()
						PlaySound("igMainMenuOptionCheckBoxOff")
					</OnClick>
				</Scripts>
				<NormalTexture file="Interface\Buttons\UI-Panel-MinimizeButton-Up"/>
				<PushedTexture file="Interface\Buttons\UI-Panel-MinimizeButton-Down"/>
				<HighlightTexture file="Interface\Buttons\UI-Panel-MinimizeButton-Highlight" alphaMode="ADD"/>
			</Button>
			<Frame name="$parent_Log">
				<Size x="245" y="380" />
				<Anchors>
					<Anchor point="TOPLEFT">
						<Offset x="10" y="-60" />
					</Anchor>
				</Anchors>
				<Backdrop bgFile="Interface\Tooltips\UI-Tooltip-Background" edgeFile="Interface\Tooltips\UI-Tooltip-Border" tile="true">
					<BackgroundInsets left="6" right="6" top="6" bottom="6" />
					<TileSize val="16" />
					<EdgeSize val="16" />
					<Color r="0.157" g="0.08" b="0.06" a="0.5" />
				</Backdrop>
				<Frames>
					<ScrollFrame name="$parent_ScrollFrame" inherits="FauxScrollFrameTemplate">
						<Anchors>
							<Anchor point="TOPLEFT">
								<Offset>
									<AbsDimension x="0" y="-5" />
								</Offset>
							</Anchor>
							<Anchor point="BOTTOMRIGHT">
								<Offset>
								  <AbsDimension x="-27" y="4"/>
								</Offset>
							</Anchor>
						</Anchors>
						<Scripts>
							<OnVerticalScroll>
								DPSMate_Details_CurePoison.LastScroll = ""
								FauxScrollFrame_OnVerticalScroll(24, DPSMate.Modules.DetailsCurePoison.ScrollFrame_Update) 
							</OnVerticalScroll>
					   </Scripts>
					</ScrollFrame>
					<Button name="$parent_ScrollButton1" inherits="DPSMate_Details_CurePoison_ScrollButton" id="1">
						<Anchors>
							<Anchor point="TOPLEFT">
								<Offset x="5" y="-5" />
							</Anchor>
						</Anchors>
					</Button>
					<Button name="$parent_ScrollButton2" inherits="DPSMate_Details_CurePoison_ScrollButton"  id="2">
						<Anchors>
							<Anchor point="TOP" relativeTo="$parent_ScrollButton1" relativePoint="BOTTOM">
								<Offset x="0" y="-2" />
							</Anchor>
						</Anchors>
					</Button>
					<Button name="$parent_ScrollButton3" inherits="DPSMate_Details_CurePoison_ScrollButton"  id="3">
						<Anchors>
							<Anchor point="TOP" relativeTo="$parent_ScrollButton2" relativePoint="BOTTOM">
								<Offset x="0" y="-2" />
							</Anchor>
						</Anchors>
					</Button>
					<Button name="$parent_ScrollButton4" inherits="DPSMate_Details_CurePoison_ScrollButton"  id="4">
						<Anchors>
							<Anchor point="TOP" relativeTo="$parent_ScrollButton3" relativePoint="BOTTOM">
								<Offset x="0" y="-2" />
							</Anchor>
						</Anchors>
					</Button>
					<Button name="$parent_ScrollButton5" inherits="DPSMate_Details_CurePoison_ScrollButton"  id="5">
						<Anchors>
							<Anchor point="TOP" relativeTo="$parent_ScrollButton4" relativePoint="BOTTOM">
								<Offset x="0" y="-2" />
							</Anchor>
						</Anchors>
					</Button>
					<Button name="$parent_ScrollButton6" inherits="DPSMate_Details_CurePoison_ScrollButton"  id="6">
						<Anchors>
							<Anchor point="TOP" relativeTo="$parent_ScrollButton5" relativePoint="BOTTOM">
								<Offset x="0" y="-2" />
							</Anchor>
						</Anchors>
					</Button>
					<Button name="$parent_ScrollButton7" inherits="DPSMate_Details_CurePoison_ScrollButton"  id="7">
						<Anchors>
							<Anchor point="TOP" relativeTo="$parent_ScrollButton6" relativePoint="BOTTOM">
								<Offset x="0" y="-2" />
							</Anchor>
						</Anchors>
					</Button>
					<Button name="$parent_ScrollButton8" inherits="DPSMate_Details_CurePoison_ScrollButton"  id="8">
						<Anchors>
							<Anchor point="TOP" relativeTo="$parent_ScrollButton7" relativePoint="BOTTOM">
								<Offset x="0" y="-2" />
							</Anchor>
						</Anchors>
					</Button>
					<Button name="$parent_ScrollButton9" inherits="DPSMate_Details_CurePoison_ScrollButton"  id="9">
						<Anchors>
							<Anchor point="TOP" relativeTo="$parent_ScrollButton8" relativePoint="BOTTOM">
								<Offset x="0" y="-2" />
							</Anchor>
						</Anchors>
					</Button>
					<Button name="$parent_ScrollButton10" inherits="DPSMate_Details_CurePoison_ScrollButton"  id="10">
						<Anchors>
							<Anchor point="TOP" relativeTo="$parent_ScrollButton9" relativePoint="BOTTOM">
								<Offset x="0" y="-2" />
							</Anchor>
						</Anchors>
					</Button>
					<Button name="$parent_ScrollButton11" inherits="DPSMate_Details_CurePoison_ScrollButton"  id="11">
						<Anchors>
							<Anchor point="TOP" relativeTo="$parent_ScrollButton10" relativePoint="BOTTOM">
								<Offset x="0" y="-2" />
							</Anchor>
						</Anchors>
					</Button>
					<Button name="$parent_ScrollButton12" inherits="DPSMate_Details_CurePoison_ScrollButton"  id="12">
						<Anchors>
							<Anchor point="TOP" relativeTo="$parent_ScrollButton11" relativePoint="BOTTOM">
								<Offset x="0" y="-2" />
							</Anchor>
						</Anchors>
					</Button>
					<Button name="$parent_ScrollButton13" inherits="DPSMate_Details_CurePoison_ScrollButton"  id="13">
						<Anchors>
							<Anchor point="TOP" relativeTo="$parent_ScrollButton12" relativePoint="BOTTOM">
								<Offset x="0" y="-2" />
							</Anchor>
						</Anchors>
					</Button>
					<Button name="$parent_ScrollButton14" inherits="DPSMate_Details_CurePoison_ScrollButton"  id="14">
						<Anchors>
							<Anchor point="TOP" relativeTo="$parent_ScrollButton13" relativePoint="BOTTOM">
								<Offset x="0" y="-2" />
							</Anchor>
						</Anchors>
					</Button>
				</Frames>
			</Frame>
			<Frame name="$parent_LogTwo">
				<Size x="245" y="380" />
				<Anchors>
					<Anchor point="LEFT" relativeTo="$parent_Log" relativePoint="RIGHT" />
				</Anchors>
				<Backdrop bgFile="Interface\Tooltips\UI-Tooltip-Background" edgeFile="Interface\Tooltips\UI-Tooltip-Border" tile="true">
					<BackgroundInsets left="6" right="6" top="6" bottom="6" />
					<TileSize val="16" />
					<EdgeSize val="16" />
					<Color r="0.157" g="0.08" b="0.06" a="0.5" />
				</Backdrop>
				<Frames>
					<ScrollFrame name="$parent_ScrollFrame" inherits="FauxScrollFrameTemplate">
						<Anchors>
							<Anchor point="TOPLEFT">
								<Offset>
									<AbsDimension x="0" y="-5" />
								</Offset>
							</Anchor>
							<Anchor point="BOTTOMRIGHT">
								<Offset>
								  <AbsDimension x="-27" y="4"/>
								</Offset>
							</Anchor>
						</Anchors>
						<Scripts>
							<OnVerticalScroll>
								DPSMate_Details_CurePoison.LastScroll = ""
								FauxScrollFrame_OnVerticalScroll(24, DPSMate.Modules.DetailsCurePoison.SelectCreatureButton) 
							</OnVerticalScroll>
					   </Scripts>
					</ScrollFrame>
					<Button name="$parent_ScrollButton1" inherits="DPSMate_Details_CurePoison_ScrollButton" id="1">
						<Anchors>
							<Anchor point="TOPLEFT">
								<Offset x="5" y="-5" />
							</Anchor>
						</Anchors>
					</Button>
					<Button name="$parent_ScrollButton2" inherits="DPSMate_Details_CurePoison_ScrollButton"  id="2">
						<Anchors>
							<Anchor point="TOP" relativeTo="$parent_ScrollButton1" relativePoint="BOTTOM">
								<Offset x="0" y="-2" />
							</Anchor>
						</Anchors>
					</Button>
					<Button name="$parent_ScrollButton3" inherits="DPSMate_Details_CurePoison_ScrollButton"  id="3">
						<Anchors>
							<Anchor point="TOP" relativeTo="$parent_ScrollButton2" relativePoint="BOTTOM">
								<Offset x="0" y="-2" />
							</Anchor>
						</Anchors>
					</Button>
					<Button name="$parent_ScrollButton4" inherits="DPSMate_Details_CurePoison_ScrollButton"  id="4">
						<Anchors>
							<Anchor point="TOP" relativeTo="$parent_ScrollButton3" relativePoint="BOTTOM">
								<Offset x="0" y="-2" />
							</Anchor>
						</Anchors>
					</Button>
					<Button name="$parent_ScrollButton5" inherits="DPSMate_Details_CurePoison_ScrollButton"  id="5">
						<Anchors>
							<Anchor point="TOP" relativeTo="$parent_ScrollButton4" relativePoint="BOTTOM">
								<Offset x="0" y="-2" />
							</Anchor>
						</Anchors>
					</Button>
					<Button name="$parent_ScrollButton6" inherits="DPSMate_Details_CurePoison_ScrollButton"  id="6">
						<Anchors>
							<Anchor point="TOP" relativeTo="$parent_ScrollButton5" relativePoint="BOTTOM">
								<Offset x="0" y="-2" />
							</Anchor>
						</Anchors>
					</Button>
					<Button name="$parent_ScrollButton7" inherits="DPSMate_Details_CurePoison_ScrollButton"  id="7">
						<Anchors>
							<Anchor point="TOP" relativeTo="$parent_ScrollButton6" relativePoint="BOTTOM">
								<Offset x="0" y="-2" />
							</Anchor>
						</Anchors>
					</Button>
					<Button name="$parent_ScrollButton8" inherits="DPSMate_Details_CurePoison_ScrollButton"  id="8">
						<Anchors>
							<Anchor point="TOP" relativeTo="$parent_ScrollButton7" relativePoint="BOTTOM">
								<Offset x="0" y="-2" />
							</Anchor>
						</Anchors>
					</Button>
					<Button name="$parent_ScrollButton9" inherits="DPSMate_Details_CurePoison_ScrollButton"  id="9">
						<Anchors>
							<Anchor point="TOP" relativeTo="$parent_ScrollButton8" relativePoint="BOTTOM">
								<Offset x="0" y="-2" />
							</Anchor>
						</Anchors>
					</Button>
					<Button name="$parent_ScrollButton10" inherits="DPSMate_Details_CurePoison_ScrollButton"  id="10">
						<Anchors>
							<Anchor point="TOP" relativeTo="$parent_ScrollButton9" relativePoint="BOTTOM">
								<Offset x="0" y="-2" />
							</Anchor>
						</Anchors>
					</Button>
					<Button name="$parent_ScrollButton11" inherits="DPSMate_Details_CurePoison_ScrollButton"  id="11">
						<Anchors>
							<Anchor point="TOP" relativeTo="$parent_ScrollButton10" relativePoint="BOTTOM">
								<Offset x="0" y="-2" />
							</Anchor>
						</Anchors>
					</Button>
					<Button name="$parent_ScrollButton12" inherits="DPSMate_Details_CurePoison_ScrollButton"  id="12">
						<Anchors>
							<Anchor point="TOP" relativeTo="$parent_ScrollButton11" relativePoint="BOTTOM">
								<Offset x="0" y="-2" />
							</Anchor>
						</Anchors>
					</Button>
					<Button name="$parent_ScrollButton13" inherits="DPSMate_Details_CurePoison_ScrollButton"  id="13">
						<Anchors>
							<Anchor point="TOP" relativeTo="$parent_ScrollButton12" relativePoint="BOTTOM">
								<Offset x="0" y="-2" />
							</Anchor>
						</Anchors>
					</Button>
					<Button name="$parent_ScrollButton14" inherits="DPSMate_Details_CurePoison_ScrollButton"  id="14">
						<Anchors>
							<Anchor point="TOP" relativeTo="$parent_ScrollButton13" relativePoint="BOTTOM">
								<Offset x="0" y="-2" />
							</Anchor>
						</Anchors>
					</Button>
				</Frames>
			</Frame>
			<Frame name="$parent_LogThree">
				<Size x="245" y="380" />
				<Anchors>
					<Anchor point="LEFT" relativeTo="$parent_LogTwo" relativePoint="RIGHT" />
				</Anchors>
				<Backdrop bgFile="Interface\Tooltips\UI-Tooltip-Background" edgeFile="Interface\Tooltips\UI-Tooltip-Border" tile="true">
					<BackgroundInsets left="6" right="6" top="6" bottom="6" />
					<TileSize val="16" />
					<EdgeSize val="16" />
					<Color r="0.157" g="0.08" b="0.06" a="0.5" />
				</Backdrop>
				<Frames>
					<ScrollFrame name="$parent_ScrollFrame" inherits="FauxScrollFrameTemplate">
						<Anchors>
							<Anchor point="TOPLEFT">
								<Offset>
									<AbsDimension x="0" y="-5" />
								</Offset>
							</Anchor>
							<Anchor point="BOTTOMRIGHT">
								<Offset>
								  <AbsDimension x="-27" y="4"/>
								</Offset>
							</Anchor>
						</Anchors>
						<Scripts>
							<OnVerticalScroll>
								DPSMate_Details_CurePoison.LastScroll = ""
								FauxScrollFrame_OnVerticalScroll(24, DPSMate.Modules.DetailsCurePoison.SelectCreatureAbilityButton) 
							</OnVerticalScroll>
					   </Scripts>
					</ScrollFrame>
					<Button name="$parent_ScrollButton1" inherits="DPSMate_Details_CurePoison_ScrollButton" id="1">
						<Anchors>
							<Anchor point="TOPLEFT">
								<Offset x="5" y="-5" />
							</Anchor>
						</Anchors>
					</Button>
					<Button name="$parent_ScrollButton2" inherits="DPSMate_Details_CurePoison_ScrollButton"  id="2">
						<Anchors>
							<Anchor point="TOP" relativeTo="$parent_ScrollButton1" relativePoint="BOTTOM">
								<Offset x="0" y="-2" />
							</Anchor>
						</Anchors>
					</Button>
					<Button name="$parent_ScrollButton3" inherits="DPSMate_Details_CurePoison_ScrollButton"  id="3">
						<Anchors>
							<Anchor point="TOP" relativeTo="$parent_ScrollButton2" relativePoint="BOTTOM">
								<Offset x="0" y="-2" />
							</Anchor>
						</Anchors>
					</Button>
					<Button name="$parent_ScrollButton4" inherits="DPSMate_Details_CurePoison_ScrollButton"  id="4">
						<Anchors>
							<Anchor point="TOP" relativeTo="$parent_ScrollButton3" relativePoint="BOTTOM">
								<Offset x="0" y="-2" />
							</Anchor>
						</Anchors>
					</Button>
					<Button name="$parent_ScrollButton5" inherits="DPSMate_Details_CurePoison_ScrollButton"  id="5">
						<Anchors>
							<Anchor point="TOP" relativeTo="$parent_ScrollButton4" relativePoint="BOTTOM">
								<Offset x="0" y="-2" />
							</Anchor>
						</Anchors>
					</Button>
					<Button name="$parent_ScrollButton6" inherits="DPSMate_Details_CurePoison_ScrollButton"  id="6">
						<Anchors>
							<Anchor point="TOP" relativeTo="$parent_ScrollButton5" relativePoint="BOTTOM">
								<Offset x="0" y="-2" />
							</Anchor>
						</Anchors>
					</Button>
					<Button name="$parent_ScrollButton7" inherits="DPSMate_Details_CurePoison_ScrollButton"  id="7">
						<Anchors>
							<Anchor point="TOP" relativeTo="$parent_ScrollButton6" relativePoint="BOTTOM">
								<Offset x="0" y="-2" />
							</Anchor>
						</Anchors>
					</Button>
					<Button name="$parent_ScrollButton8" inherits="DPSMate_Details_CurePoison_ScrollButton"  id="8">
						<Anchors>
							<Anchor point="TOP" relativeTo="$parent_ScrollButton7" relativePoint="BOTTOM">
								<Offset x="0" y="-2" />
							</Anchor>
						</Anchors>
					</Button>
					<Button name="$parent_ScrollButton9" inherits="DPSMate_Details_CurePoison_ScrollButton"  id="9">
						<Anchors>
							<Anchor point="TOP" relativeTo="$parent_ScrollButton8" relativePoint="BOTTOM">
								<Offset x="0" y="-2" />
							</Anchor>
						</Anchors>
					</Button>
					<Button name="$parent_ScrollButton10" inherits="DPSMate_Details_CurePoison_ScrollButton"  id="10">
						<Anchors>
							<Anchor point="TOP" relativeTo="$parent_ScrollButton9" relativePoint="BOTTOM">
								<Offset x="0" y="-2" />
							</Anchor>
						</Anchors>
					</Button>
					<Button name="$parent_ScrollButton11" inherits="DPSMate_Details_CurePoison_ScrollButton"  id="11">
						<Anchors>
							<Anchor point="TOP" relativeTo="$parent_ScrollButton10" relativePoint="BOTTOM">
								<Offset x="0" y="-2" />
							</Anchor>
						</Anchors>
					</Button>
					<Button name="$parent_ScrollButton12" inherits="DPSMate_Details_CurePoison_ScrollButton"  id="12">
						<Anchors>
							<Anchor point="TOP" relativeTo="$parent_ScrollButton11" relativePoint="BOTTOM">
								<Offset x="0" y="-2" />
							</Anchor>
						</Anchors>
					</Button>
					<Button name="$parent_ScrollButton13" inherits="DPSMate_Details_CurePoison_ScrollButton"  id="13">
						<Anchors>
							<Anchor point="TOP" relativeTo="$parent_ScrollButton12" relativePoint="BOTTOM">
								<Offset x="0" y="-2" />
							</Anchor>
						</Anchors>
					</Button>
					<Button name="$parent_ScrollButton14" inherits="DPSMate_Details_CurePoison_ScrollButton"  id="14">
						<Anchors>
							<Anchor point="TOP" relativeTo="$parent_ScrollButton13" relativePoint="BOTTOM">
								<Offset x="0" y="-2" />
							</Anchor>
						</Anchors>
					</Button>
				</Frames>
			</Frame>
		</Frames>
	</Frame>
	
	<Frame name="DPSMate_Details_CompareCurePoison" parent="DPSMate_Details_CurePoison" movable="true" hidden="true">
		<Size x="755" y="450" />
		<Anchors>
			<Anchor point="RIGHT" relativeTo="$parent" relativePoint="LEFT" />
		</Anchors>
		<Backdrop bgFile="Interface\Tooltips\UI-Tooltip-Background" edgeFile="Interface\Tooltips\UI-Tooltip-Border" tile="true">
			<BackgroundInsets left="6" right="6" top="6" bottom="6" />
			<TileSize val="16" />
			<EdgeSize val="16" />
			<Color r="0.157" g="0.08" b="0.06" a="1" />
		</Backdrop>
		<Layers>
			<Layer level="ARTWORK">
				<FontString name="$parent_Title" inherits="GameFontNormalHuge" justifyH="LEFT" justifyV="CENTER" text="CurePoison of Shino">
					<Size x="900" y="40" />
					<Anchors>
						<Anchor point="TOPLEFT">
							<Offset x="20" y="-10" />
						</Anchor>
					</Anchors>
				</FontString>
			</Layer>
		</Layers>
		<Scripts>
			<OnLoad>
				getglobal(this:GetName().."_Title"):SetFont("Fonts\\FRIZQT__.TTF", 24)
			</OnLoad>
			<OnMouseDown>
				this:GetParent():StartMoving()
			</OnMouseDown>
			<OnMouseUp>
				this:GetParent():StopMovingOrSizing()
			</OnMouseUp>
		</Scripts>
		<Frames>
			<Button name="$parent_CloseButton">
				<Size x="30" y="30" />
				<Anchors>
					<Anchor point="TOPRIGHT" relativeTo="$parent" relativePoint="TOPRIGHT">
						<Offset>
							<AbsDimension x="0" y="0"/>
						</Offset>
					</Anchor>
				</Anchors>
				<Scripts>
					<OnEnter>
						GameTooltip:SetOwner(this, "ANCHOR_RIGHT")
						GameTooltip:SetText(DPSMate.L["close"], nil, nil, nil, nil, 1)
						GameTooltip:Show()
					</OnEnter>
					<OnLeave>
						GameTooltip:Hide()
					</OnLeave>
					<OnClick>
						DPSMate_Details_CurePoison:Hide()
						PlaySound("igMainMenuOptionCheckBoxOff")
					</OnClick>
				</Scripts>
				<NormalTexture file="Interface\Buttons\UI-Panel-MinimizeButton-Up"/>
				<PushedTexture file="Interface\Buttons\UI-Panel-MinimizeButton-Down"/>
				<HighlightTexture file="Interface\Buttons\UI-Panel-MinimizeButton-Highlight" alphaMode="ADD"/>
			</Button>
			<Frame name="$parent_Log">
				<Size x="245" y="380" />
				<Anchors>
					<Anchor point="TOPLEFT">
						<Offset x="10" y="-60" />
					</Anchor>
				</Anchors>
				<Backdrop bgFile="Interface\Tooltips\UI-Tooltip-Background" edgeFile="Interface\Tooltips\UI-Tooltip-Border" tile="true">
					<BackgroundInsets left="6" right="6" top="6" bottom="6" />
					<TileSize val="16" />
					<EdgeSize val="16" />
					<Color r="0.157" g="0.08" b="0.06" a="0.5" />
				</Backdrop>
				<Frames>
					<ScrollFrame name="$parent_ScrollFrame" inherits="FauxScrollFrameTemplate">
						<Anchors>
							<Anchor point="TOPLEFT">
								<Offset>
									<AbsDimension x="0" y="-5" />
								</Offset>
							</Anchor>
							<Anchor point="BOTTOMRIGHT">
								<Offset>
								  <AbsDimension x="-27" y="4"/>
								</Offset>
							</Anchor>
						</Anchors>
						<Scripts>
							<OnVerticalScroll>
								DPSMate_Details_CurePoison.LastScroll = "Compare"
								FauxScrollFrame_OnVerticalScroll(24, DPSMate.Modules.DetailsCurePoison.ScrollFrame_Update) 
							</OnVerticalScroll>
					   </Scripts>
					</ScrollFrame>
					<Button name="$parent_ScrollButton1" inherits="DPSMate_Details_CurePoison_ScrollButton" id="1">
						<Anchors>
							<Anchor point="TOPLEFT">
								<Offset x="5" y="-5" />
							</Anchor>
						</Anchors>
					</Button>
					<Button name="$parent_ScrollButton2" inherits="DPSMate_Details_CurePoison_ScrollButton"  id="2">
						<Anchors>
							<Anchor point="TOP" relativeTo="$parent_ScrollButton1" relativePoint="BOTTOM">
								<Offset x="0" y="-2" />
							</Anchor>
						</Anchors>
					</Button>
					<Button name="$parent_ScrollButton3" inherits="DPSMate_Details_CurePoison_ScrollButton"  id="3">
						<Anchors>
							<Anchor point="TOP" relativeTo="$parent_ScrollButton2" relativePoint="BOTTOM">
								<Offset x="0" y="-2" />
							</Anchor>
						</Anchors>
					</Button>
					<Button name="$parent_ScrollButton4" inherits="DPSMate_Details_CurePoison_ScrollButton"  id="4">
						<Anchors>
							<Anchor point="TOP" relativeTo="$parent_ScrollButton3" relativePoint="BOTTOM">
								<Offset x="0" y="-2" />
							</Anchor>
						</Anchors>
					</Button>
					<Button name="$parent_ScrollButton5" inherits="DPSMate_Details_CurePoison_ScrollButton"  id="5">
						<Anchors>
							<Anchor point="TOP" relativeTo="$parent_ScrollButton4" relativePoint="BOTTOM">
								<Offset x="0" y="-2" />
							</Anchor>
						</Anchors>
					</Button>
					<Button name="$parent_ScrollButton6" inherits="DPSMate_Details_CurePoison_ScrollButton"  id="6">
						<Anchors>
							<Anchor point="TOP" relativeTo="$parent_ScrollButton5" relativePoint="BOTTOM">
								<Offset x="0" y="-2" />
							</Anchor>
						</Anchors>
					</Button>
					<Button name="$parent_ScrollButton7" inherits="DPSMate_Details_CurePoison_ScrollButton"  id="7">
						<Anchors>
							<Anchor point="TOP" relativeTo="$parent_ScrollButton6" relativePoint="BOTTOM">
								<Offset x="0" y="-2" />
							</Anchor>
						</Anchors>
					</Button>
					<Button name="$parent_ScrollButton8" inherits="DPSMate_Details_CurePoison_ScrollButton"  id="8">
						<Anchors>
							<Anchor point="TOP" relativeTo="$parent_ScrollButton7" relativePoint="BOTTOM">
								<Offset x="0" y="-2" />
							</Anchor>
						</Anchors>
					</Button>
					<Button name="$parent_ScrollButton9" inherits="DPSMate_Details_CurePoison_ScrollButton"  id="9">
						<Anchors>
							<Anchor point="TOP" relativeTo="$parent_ScrollButton8" relativePoint="BOTTOM">
								<Offset x="0" y="-2" />
							</Anchor>
						</Anchors>
					</Button>
					<Button name="$parent_ScrollButton10" inherits="DPSMate_Details_CurePoison_ScrollButton"  id="10">
						<Anchors>
							<Anchor point="TOP" relativeTo="$parent_ScrollButton9" relativePoint="BOTTOM">
								<Offset x="0" y="-2" />
							</Anchor>
						</Anchors>
					</Button>
					<Button name="$parent_ScrollButton11" inherits="DPSMate_Details_CurePoison_ScrollButton"  id="11">
						<Anchors>
							<Anchor point="TOP" relativeTo="$parent_ScrollButton10" relativePoint="BOTTOM">
								<Offset x="0" y="-2" />
							</Anchor>
						</Anchors>
					</Button>
					<Button name="$parent_ScrollButton12" inherits="DPSMate_Details_CurePoison_ScrollButton"  id="12">
						<Anchors>
							<Anchor point="TOP" relativeTo="$parent_ScrollButton11" relativePoint="BOTTOM">
								<Offset x="0" y="-2" />
							</Anchor>
						</Anchors>
					</Button>
					<Button name="$parent_ScrollButton13" inherits="DPSMate_Details_CurePoison_ScrollButton"  id="13">
						<Anchors>
							<Anchor point="TOP" relativeTo="$parent_ScrollButton12" relativePoint="BOTTOM">
								<Offset x="0" y="-2" />
							</Anchor>
						</Anchors>
					</Button>
					<Button name="$parent_ScrollButton14" inherits="DPSMate_Details_CurePoison_ScrollButton"  id="14">
						<Anchors>
							<Anchor point="TOP" relativeTo="$parent_ScrollButton13" relativePoint="BOTTOM">
								<Offset x="0" y="-2" />
							</Anchor>
						</Anchors>
					</Button>
				</Frames>
			</Frame>
			<Frame name="$parent_LogTwo">
				<Size x="245" y="380" />
				<Anchors>
					<Anchor point="LEFT" relativeTo="$parent_Log" relativePoint="RIGHT" />
				</Anchors>
				<Backdrop bgFile="Interface\Tooltips\UI-Tooltip-Background" edgeFile="Interface\Tooltips\UI-Tooltip-Border" tile="true">
					<BackgroundInsets left="6" right="6" top="6" bottom="6" />
					<TileSize val="16" />
					<EdgeSize val="16" />
					<Color r="0.157" g="0.08" b="0.06" a="0.5" />
				</Backdrop>
				<Frames>
					<ScrollFrame name="$parent_ScrollFrame" inherits="FauxScrollFrameTemplate">
						<Anchors>
							<Anchor point="TOPLEFT">
								<Offset>
									<AbsDimension x="0" y="-5" />
								</Offset>
							</Anchor>
							<Anchor point="BOTTOMRIGHT">
								<Offset>
								  <AbsDimension x="-27" y="4"/>
								</Offset>
							</Anchor>
						</Anchors>
						<Scripts>
							<OnVerticalScroll>
								DPSMate_Details_CurePoison.LastScroll = "Compare"
								FauxScrollFrame_OnVerticalScroll(24, DPSMate.Modules.DetailsCurePoison.SelectCreatureButton) 
							</OnVerticalScroll>
					   </Scripts>
					</ScrollFrame>
					<Button name="$parent_ScrollButton1" inherits="DPSMate_Details_CurePoison_ScrollButton" id="1">
						<Anchors>
							<Anchor point="TOPLEFT">
								<Offset x="5" y="-5" />
							</Anchor>
						</Anchors>
					</Button>
					<Button name="$parent_ScrollButton2" inherits="DPSMate_Details_CurePoison_ScrollButton"  id="2">
						<Anchors>
							<Anchor point="TOP" relativeTo="$parent_ScrollButton1" relativePoint="BOTTOM">
								<Offset x="0" y="-2" />
							</Anchor>
						</Anchors>
					</Button>
					<Button name="$parent_ScrollButton3" inherits="DPSMate_Details_CurePoison_ScrollButton"  id="3">
						<Anchors>
							<Anchor point="TOP" relativeTo="$parent_ScrollButton2" relativePoint="BOTTOM">
								<Offset x="0" y="-2" />
							</Anchor>
						</Anchors>
					</Button>
					<Button name="$parent_ScrollButton4" inherits="DPSMate_Details_CurePoison_ScrollButton"  id="4">
						<Anchors>
							<Anchor point="TOP" relativeTo="$parent_ScrollButton3" relativePoint="BOTTOM">
								<Offset x="0" y="-2" />
							</Anchor>
						</Anchors>
					</Button>
					<Button name="$parent_ScrollButton5" inherits="DPSMate_Details_CurePoison_ScrollButton"  id="5">
						<Anchors>
							<Anchor point="TOP" relativeTo="$parent_ScrollButton4" relativePoint="BOTTOM">
								<Offset x="0" y="-2" />
							</Anchor>
						</Anchors>
					</Button>
					<Button name="$parent_ScrollButton6" inherits="DPSMate_Details_CurePoison_ScrollButton"  id="6">
						<Anchors>
							<Anchor point="TOP" relativeTo="$parent_ScrollButton5" relativePoint="BOTTOM">
								<Offset x="0" y="-2" />
							</Anchor>
						</Anchors>
					</Button>
					<Button name="$parent_ScrollButton7" inherits="DPSMate_Details_CurePoison_ScrollButton"  id="7">
						<Anchors>
							<Anchor point="TOP" relativeTo="$parent_ScrollButton6" relativePoint="BOTTOM">
								<Offset x="0" y="-2" />
							</Anchor>
						</Anchors>
					</Button>
					<Button name="$parent_ScrollButton8" inherits="DPSMate_Details_CurePoison_ScrollButton"  id="8">
						<Anchors>
							<Anchor point="TOP" relativeTo="$parent_ScrollButton7" relativePoint="BOTTOM">
								<Offset x="0" y="-2" />
							</Anchor>
						</Anchors>
					</Button>
					<Button name="$parent_ScrollButton9" inherits="DPSMate_Details_CurePoison_ScrollButton"  id="9">
						<Anchors>
							<Anchor point="TOP" relativeTo="$parent_ScrollButton8" relativePoint="BOTTOM">
								<Offset x="0" y="-2" />
							</Anchor>
						</Anchors>
					</Button>
					<Button name="$parent_ScrollButton10" inherits="DPSMate_Details_CurePoison_ScrollButton"  id="10">
						<Anchors>
							<Anchor point="TOP" relativeTo="$parent_ScrollButton9" relativePoint="BOTTOM">
								<Offset x="0" y="-2" />
							</Anchor>
						</Anchors>
					</Button>
					<Button name="$parent_ScrollButton11" inherits="DPSMate_Details_CurePoison_ScrollButton"  id="11">
						<Anchors>
							<Anchor point="TOP" relativeTo="$parent_ScrollButton10" relativePoint="BOTTOM">
								<Offset x="0" y="-2" />
							</Anchor>
						</Anchors>
					</Button>
					<Button name="$parent_ScrollButton12" inherits="DPSMate_Details_CurePoison_ScrollButton"  id="12">
						<Anchors>
							<Anchor point="TOP" relativeTo="$parent_ScrollButton11" relativePoint="BOTTOM">
								<Offset x="0" y="-2" />
							</Anchor>
						</Anchors>
					</Button>
					<Button name="$parent_ScrollButton13" inherits="DPSMate_Details_CurePoison_ScrollButton"  id="13">
						<Anchors>
							<Anchor point="TOP" relativeTo="$parent_ScrollButton12" relativePoint="BOTTOM">
								<Offset x="0" y="-2" />
							</Anchor>
						</Anchors>
					</Button>
					<Button name="$parent_ScrollButton14" inherits="DPSMate_Details_CurePoison_ScrollButton"  id="14">
						<Anchors>
							<Anchor point="TOP" relativeTo="$parent_ScrollButton13" relativePoint="BOTTOM">
								<Offset x="0" y="-2" />
							</Anchor>
						</Anchors>
					</Button>
				</Frames>
			</Frame>
			<Frame name="$parent_LogThree">
				<Size x="245" y="380" />
				<Anchors>
					<Anchor point="LEFT" relativeTo="$parent_LogTwo" relativePoint="RIGHT" />
				</Anchors>
				<Backdrop bgFile="Interface\Tooltips\UI-Tooltip-Background" edgeFile="Interface\Tooltips\UI-Tooltip-Border" tile="true">
					<BackgroundInsets left="6" right="6" top="6" bottom="6" />
					<TileSize val="16" />
					<EdgeSize val="16" />
					<Color r="0.157" g="0.08" b="0.06" a="0.5" />
				</Backdrop>
				<Frames>
					<ScrollFrame name="$parent_ScrollFrame" inherits="FauxScrollFrameTemplate">
						<Anchors>
							<Anchor point="TOPLEFT">
								<Offset>
									<AbsDimension x="0" y="-5" />
								</Offset>
							</Anchor>
							<Anchor point="BOTTOMRIGHT">
								<Offset>
								  <AbsDimension x="-27" y="4"/>
								</Offset>
							</Anchor>
						</Anchors>
						<Scripts>
							<OnVerticalScroll>
								DPSMate_Details_CurePoison.LastScroll = "Compare"
								FauxScrollFrame_OnVerticalScroll(24, DPSMate.Modules.DetailsCurePoison.SelectCreatureAbilityButton) 
							</OnVerticalScroll>
					   </Scripts>
					</ScrollFrame>
					<Button name="$parent_ScrollButton1" inherits="DPSMate_Details_CurePoison_ScrollButton" id="1">
						<Anchors>
							<Anchor point="TOPLEFT">
								<Offset x="5" y="-5" />
							</Anchor>
						</Anchors>
					</Button>
					<Button name="$parent_ScrollButton2" inherits="DPSMate_Details_CurePoison_ScrollButton"  id="2">
						<Anchors>
							<Anchor point="TOP" relativeTo="$parent_ScrollButton1" relativePoint="BOTTOM">
								<Offset x="0" y="-2" />
							</Anchor>
						</Anchors>
					</Button>
					<Button name="$parent_ScrollButton3" inherits="DPSMate_Details_CurePoison_ScrollButton"  id="3">
						<Anchors>
							<Anchor point="TOP" relativeTo="$parent_ScrollButton2" relativePoint="BOTTOM">
								<Offset x="0" y="-2" />
							</Anchor>
						</Anchors>
					</Button>
					<Button name="$parent_ScrollButton4" inherits="DPSMate_Details_CurePoison_ScrollButton"  id="4">
						<Anchors>
							<Anchor point="TOP" relativeTo="$parent_ScrollButton3" relativePoint="BOTTOM">
								<Offset x="0" y="-2" />
							</Anchor>
						</Anchors>
					</Button>
					<Button name="$parent_ScrollButton5" inherits="DPSMate_Details_CurePoison_ScrollButton"  id="5">
						<Anchors>
							<Anchor point="TOP" relativeTo="$parent_ScrollButton4" relativePoint="BOTTOM">
								<Offset x="0" y="-2" />
							</Anchor>
						</Anchors>
					</Button>
					<Button name="$parent_ScrollButton6" inherits="DPSMate_Details_CurePoison_ScrollButton"  id="6">
						<Anchors>
							<Anchor point="TOP" relativeTo="$parent_ScrollButton5" relativePoint="BOTTOM">
								<Offset x="0" y="-2" />
							</Anchor>
						</Anchors>
					</Button>
					<Button name="$parent_ScrollButton7" inherits="DPSMate_Details_CurePoison_ScrollButton"  id="7">
						<Anchors>
							<Anchor point="TOP" relativeTo="$parent_ScrollButton6" relativePoint="BOTTOM">
								<Offset x="0" y="-2" />
							</Anchor>
						</Anchors>
					</Button>
					<Button name="$parent_ScrollButton8" inherits="DPSMate_Details_CurePoison_ScrollButton"  id="8">
						<Anchors>
							<Anchor point="TOP" relativeTo="$parent_ScrollButton7" relativePoint="BOTTOM">
								<Offset x="0" y="-2" />
							</Anchor>
						</Anchors>
					</Button>
					<Button name="$parent_ScrollButton9" inherits="DPSMate_Details_CurePoison_ScrollButton"  id="9">
						<Anchors>
							<Anchor point="TOP" relativeTo="$parent_ScrollButton8" relativePoint="BOTTOM">
								<Offset x="0" y="-2" />
							</Anchor>
						</Anchors>
					</Button>
					<Button name="$parent_ScrollButton10" inherits="DPSMate_Details_CurePoison_ScrollButton"  id="10">
						<Anchors>
							<Anchor point="TOP" relativeTo="$parent_ScrollButton9" relativePoint="BOTTOM">
								<Offset x="0" y="-2" />
							</Anchor>
						</Anchors>
					</Button>
					<Button name="$parent_ScrollButton11" inherits="DPSMate_Details_CurePoison_ScrollButton"  id="11">
						<Anchors>
							<Anchor point="TOP" relativeTo="$parent_ScrollButton10" relativePoint="BOTTOM">
								<Offset x="0" y="-2" />
							</Anchor>
						</Anchors>
					</Button>
					<Button name="$parent_ScrollButton12" inherits="DPSMate_Details_CurePoison_ScrollButton"  id="12">
						<Anchors>
							<Anchor point="TOP" relativeTo="$parent_ScrollButton11" relativePoint="BOTTOM">
								<Offset x="0" y="-2" />
							</Anchor>
						</Anchors>
					</Button>
					<Button name="$parent_ScrollButton13" inherits="DPSMate_Details_CurePoison_ScrollButton"  id="13">
						<Anchors>
							<Anchor point="TOP" relativeTo="$parent_ScrollButton12" relativePoint="BOTTOM">
								<Offset x="0" y="-2" />
							</Anchor>
						</Anchors>
					</Button>
					<Button name="$parent_ScrollButton14" inherits="DPSMate_Details_CurePoison_ScrollButton"  id="14">
						<Anchors>
							<Anchor point="TOP" relativeTo="$parent_ScrollButton13" relativePoint="BOTTOM">
								<Offset x="0" y="-2" />
							</Anchor>
						</Anchors>
					</Button>
				</Frames>
			</Frame>
		</Frames>
	</Frame>
	
</Ui>