<!--///////////////////////////////////////////////////////////////////////////////////////
    BAG SORT 5.0.4

    Author: adjo
    Former Author: Ryan Hamshire
    Contributors: Barrow, Druke, Inebrus

    Website: http://wow.curseforge.com/projects/bag-sort
    Feedback: http://wow.curseforge.com/projects/bag-sort/tickets/

    adjo 2010-11-26T00:32:59Z

    This document may be redistributed as a whole,
    provided it is unaltered and this copyright notice is not removed.

    THIS SOFTWARE IS PROVIDED BY THE COPYRIGHT HOLDERS AND CONTRIBUTORS
    "AS IS" AND ANY EXPRESS OR IMPLIED WARRANTIES, INCLUDING, BUT NOT
    LIMITED TO, THE IMPLIED WARRANTIES OF MERCHANTABILITY AND FITNESS FOR
    A PARTICULAR PURPOSE ARE DISCLAIMED. IN NO EVENT SHALL THE COPYRIGHT OWNER OR
    CONTRIBUTORS BE LIABLE FOR ANY DIRECT, INDIRECT, INCIDENTAL, SPECIAL,
    EXEMPLARY, OR CONSEQUENTIAL DAMAGES (INCLUDING, BUT NOT LIMITED TO,
    PROCUREMENT OF SUBSTITUTE GOODS OR SERVICES; LOSS OF USE, DATA, OR
    PROFITS; OR BUSINESS INTERRUPTION) HOWEVER CAUSED AND ON ANY THEORY OF
    LIABILITY, WHETHER IN CONTRACT, STRICT LIABILITY, OR TORT (INCLUDING
    NEGLIGENCE OR OTHERWISE) ARISING IN ANY WAY OUT OF THE USE OF THIS
    SOFTWARE, EVEN IF ADVISED OF THE POSSIBILITY OF SUCH DAMAGE.

///////////////////////////////////////////////////////////////////////////////////////-->

<Ui xmlns="http://www.blizzard.com/wow/ui/"   xmlns:xsi="http://www.w3.org/2001/XMLSchema-instance"   xsi:schemaLocation="http://www.blizzard.com/wow/ui/"> 
   <Script file="Bag_Sort.lua"/>
   <!-- Frame to handle all core events --> 
   <Frame name="Bag_Sort_Core"> 
      <Scripts> 
         <OnLoad>
	   BS_OnLoad()
         </OnLoad>
         <OnUpdate>
           BS_OnUpdate(self, elapsed)
         </OnUpdate>
      </Scripts> 
   </Frame> 

   <GameTooltip name="BS_toolTip" inherits="GameTooltipTemplate"/>

</Ui>