<Ui xmlns="http://www.blizzard.com/wow/ui/"
xmlns:xsi="http://www.w3.org/2001/XMLSchema-instance"
xsi:schemaLocation="http://www.blizzard.com/wow/ui/ ..\FrameXML\UI.xsd">
<!--
	Version: 3.9.0.1056 (Kangaroo)
	Revision: $Id: BeanCounter.xml 965 2006-08-18 03:55:17Z mentalpower $

	License:
		This program is free software; you can redistribute it and/or
		modify it under the terms of the GNU General Public License
		as published by the Free Software Foundation; either version 2
		of the License, or (at your option) any later version.

		This program is distributed in the hope that it will be useful,
		but WITHOUT ANY WARRANTY; without even the implied warranty of
		MERCHANTABILITY or FITNESS FOR A PARTICULAR PURPOSE.  See the
		GNU General Public License for more details.

		You should have received a copy of the GNU General Public License
		along with this program(see GPL.txt); if not, write to the Free Software
		Foundation, Inc., 51 Franklin Street, Fifth Floor, Boston, MA  02110-1301, USA.
-->
	<Frame name="BeanCounterFrame" hidden="true">
		<Scripts>
			<OnLoad>
				BeanCounter_OnLoad();
			</OnLoad>
			<OnEvent>
				BeanCounter_OnEvent(event, arg1);
			</OnEvent>
			<OnUpdate>
				BeanCounter_OnUpdate();
			</OnUpdate>
		</Scripts>
	</Frame>

</Ui>

